{"type": "FeatureCollection", "features": [{"type": "Feature", "properties": {"division": "Khulna"}, "geometry": {"type": "MultiPolygon", "coordinates": [[[[89.14409326900005, 21.753949265000074], [89.14700561600006, 21.737423540000066], [89.13576405000003, 21.721971549000045], [89.11277765000006, 21.720176750000064], [89.06761663600008, 21.773375334000036], [89.04493248400007, 21.786726816000055], [89.06059545100004, 21.853313014000037], [89.05264894000004, 21.87798230900006], [89.03381171900008, 21.895112848000053], [89.03725871900008, 21.920188344000053], [89.05901614900006, 21.919913101000077], [89.06144511300005, 21.883912597000062], [89.08361590600003, 21.85697993100007], [89.07553331600008, 21.819790518000048], [89.08428695400005, 21.795793299000024], [89.13035948900006, 21.769892662000075], [89.13396534100008, 21.757482003000064], [89.14409326900005, 21.753949265000074]]], [[[89.24199171400005, 21.987632162000068], [89.20463111800007, 21.962328816000024], [89.20409110900005, 21.943534215000057], [89.22220742400003, 21.92941481400004], [89.24073384900004, 21.928688616000045], [89.25384919400005, 21.90924386200004], [89.28504241800005, 21.905366635000064], [89.26941741300004, 21.88429823100006], [89.24508989700007, 21.88807209600003], [89.23078226700005, 21.877560393000067], [89.23342248100005, 21.889915375000044], [89.22937431200006, 21.886673819000066], [89.22857798400008, 21.878547516000026], [89.23169392300008, 21.876655865000032], [89.24732689600006, 21.88731442900007], [89.26894925900007, 21.88315106400006], [89.27377626000003, 21.85392540500004], [89.26306473400007, 21.835567947000072], [89.25564037500004, 21.834200934000023], [89.26023341800004, 21.840109116000065], [89.25842560200005, 21.860405497000045], [89.25072481500007, 21.85961631500004], [89.24501151700008, 21.866516958000034], [89.23963856600005, 21.866045909000036], [89.25079477700007, 21.858263473000022], [89.25726094500004, 21.85934691700004], [89.25895703100008, 21.840104516000054], [89.25462554400008, 21.834557724000035], [89.25337883100008, 21.822377835000054], [89.24920239000005, 21.818199736000054], [89.19397661200009, 21.828982513000028], [89.20154435300003, 21.886051700000053], [89.21343469100003, 21.912832182000045], [89.20161537600006, 21.923914013000058], [89.18093196400008, 21.925628993000032], [89.18258824200007, 21.936119561000055], [89.16551629000008, 21.944564437000054], [89.16918178900005, 21.954985674000056], [89.16449507000004, 21.94465241100005], [89.18119392900007, 21.93574222700005], [89.17695758800005, 21.92627823600003], [89.14941537100003, 21.928416906000052], [89.14046478400007, 21.950242462000062], [89.17129881300008, 21.995703518000028], [89.16499238900008, 22.020700073000057], [89.18530093000004, 22.021908103000044], [89.19491090900004, 22.002581365000026], [89.24199171400005, 21.987632162000068]]], [[[89.13906637400004, 21.973701669000036], [89.13107456400007, 21.950174154000024], [89.14432968800008, 21.916821637000055], [89.20113582900007, 21.912681452000072], [89.18503868000005, 21.873975520000045], [89.18234548600003, 21.834235687000046], [89.18048179900006, 21.840094688000022], [89.17193631500004, 21.848374989000035], [89.16350275900004, 21.850194298000076], [89.16621196300008, 21.856101083000055], [89.16407800800005, 21.862242499000047], [89.15903698400007, 21.86389635100005], [89.15180696700008, 21.861522016000038], [89.15557768400004, 21.87346014900004], [89.14547276000008, 21.876617961000022], [89.14325174900006, 21.87367939300003], [89.14544694000006, 21.880141106000053], [89.14221803200007, 21.87513188400004], [89.14324285000004, 21.872737830000062], [89.15445213200007, 21.87250128200003], [89.14971442900008, 21.865965033000066], [89.15149288600009, 21.859807596000053], [89.16252893400008, 21.862344740000026], [89.16252415200006, 21.849260795000077], [89.17922646300008, 21.838790071000062], [89.16755676400004, 21.803076072000067], [89.15172760000007, 21.794928052000046], [89.09909054900004, 21.81372397900003], [89.10264810700005, 21.822061443000052], [89.11539449400004, 21.815969016000054], [89.11848973800005, 21.81731527200003], [89.12080287000003, 21.82400829900007], [89.11667202200005, 21.842190981000044], [89.13245033800007, 21.84944212000005], [89.12064245500005, 21.875237774000027], [89.12777937200008, 21.888469047000058], [89.12633279300007, 21.89106317100004], [89.12236178800003, 21.891779169000074], [89.12652244500003, 21.88729050300003], [89.11872699300005, 21.875873470000045], [89.12997285400007, 21.848518607000074], [89.11448994500006, 21.84126119600006], [89.11614782500004, 21.817116705000046], [89.10299419600005, 21.826054955000075], [89.09846031200004, 21.87749240200003], [89.07980212000007, 21.90366664800007], [89.08372469800008, 21.924318295000035], [89.09577446900005, 21.920552917000066], [89.10767939700008, 21.92284395400003], [89.12949476700004, 21.944973813000047], [89.10550925200005, 21.923210743000027], [89.08439204500007, 21.926842468000075], [89.09222521100008, 21.948452618000033], [89.09743994000007, 21.938035342000035], [89.11693451900004, 21.951074428000027], [89.11598083300004, 21.957016157000055], [89.10832122500005, 21.95982043300006], [89.11206939700008, 21.966788657000052], [89.10777864600004, 21.975706400000036], [89.12085021000007, 21.97900203200004], [89.11601889300005, 21.98793402700005], [89.13059957000007, 21.996394547000023], [89.13338327300005, 22.007769402000065], [89.12791918100004, 22.02694643600006], [89.11750260300005, 22.031968525000025], [89.13033345900004, 22.059820726000055], [89.14949235100005, 22.07666933200005], [89.17350489000006, 22.062253240000075], [89.15702014400006, 22.05628273600007], [89.14694004200004, 22.03968751700006], [89.16308255400008, 21.995162394000033], [89.13906637400004, 21.973701669000036]]], [[[89.12736104800007, 22.026172764000023], [89.13021215600008, 21.998121637000054], [89.11539135000004, 21.99072493500006], [89.11437377600004, 21.987827476000064], [89.11882591600005, 21.979486063000024], [89.10616494600004, 21.975875476000056], [89.10646412600005, 21.959159053000064], [89.11551539500005, 21.95207407600003], [89.09715396100006, 21.940245381000068], [89.09080622900007, 22.01423372900007], [89.09573415100004, 22.021630884000047], [89.09353394900006, 22.040652932000057], [89.09574630900005, 22.049322068000038], [89.10480531300004, 22.04525244200005], [89.12855153000004, 22.07275501400005], [89.13612148900006, 22.066318763000027], [89.12838490900003, 22.05927567200007], [89.115608, 22.029680935000044], [89.12736104800007, 22.026172764000023]]], [[[89.31164688600006, 22.18748473200003], [89.26548478500007, 22.137131269000065], [89.26361472600007, 22.159229749000076], [89.25850038800007, 22.163332254000068], [89.26090077300006, 22.167976708000026], [89.25747367300005, 22.164405441000042], [89.26446417700004, 22.112553423000065], [89.25112839200006, 22.101386409000042], [89.23284151700005, 22.104694676000065], [89.21852372000006, 22.097463764000054], [89.20772554000007, 22.126795379000043], [89.22707337200006, 22.134184980000043], [89.21354031100003, 22.144773816000054], [89.24607395700008, 22.16039345400003], [89.22727791600005, 22.19986923700003], [89.25259002500007, 22.22491377500006], [89.22362318400008, 22.199953203000064], [89.24230363900006, 22.161199193000073], [89.21280283500005, 22.148840017000055], [89.21059354700003, 22.138795535000042], [89.22431845100004, 22.134219622000046], [89.20440408200005, 22.128408147000073], [89.19572689000006, 22.133599055000047], [89.19190584200004, 22.150864462000072], [89.20854050100007, 22.145580755000026], [89.22207122100008, 22.17260572300006], [89.19834579300004, 22.182396338000046], [89.20155359700004, 22.21651466000003], [89.19164450200003, 22.219928494000044], [89.19289736800005, 22.229563565000035], [89.18218506300008, 22.231575115000055], [89.19156947200008, 22.228152222000062], [89.19108522200008, 22.219166879000056], [89.19994368600004, 22.21500997100003], [89.19409454600003, 22.18866825200007], [89.19871334100009, 22.174346195000055], [89.18140690400008, 22.16663849400004], [89.18772668800005, 22.174894535000078], [89.18725517000007, 22.184153798000068], [89.18046716700007, 22.17252662900006], [89.18120214800007, 22.164836071000025], [89.19701223500005, 22.169399147000036], [89.20229566400008, 22.17805973000003], [89.21971853200006, 22.17162249200004], [89.20546455900006, 22.147160280000037], [89.19153634200006, 22.154910634000032], [89.19147138000005, 22.13370083600006], [89.20587126800007, 22.119748126000047], [89.21644922000007, 22.088842800000066], [89.24538255300007, 22.059212735000074], [89.20562344200005, 22.00243118900005], [89.18702767000008, 22.025249363000057], [89.16329255300008, 22.027877888000035], [89.15490592500004, 22.037933896000027], [89.17865357300008, 22.06486737700004], [89.15033741100007, 22.08492416100006], [89.17772114300004, 22.08081570400003], [89.18074279600006, 22.101042197000027], [89.19409344200005, 22.118500779000044], [89.18932939500007, 22.12320896600005], [89.17366879600007, 22.124381649000043], [89.16999811200003, 22.145054979000065], [89.16429547000007, 22.151383117000023], [89.14316548500005, 22.15585444900006], [89.14214283300004, 22.16907079400005], [89.15858774500003, 22.191125727000042], [89.16036891700008, 22.207959670000037], [89.13888064300005, 22.16420163400005], [89.14375693300008, 22.15186746100005], [89.16589632700004, 22.147141757000043], [89.17153755800007, 22.123548769000024], [89.19180525900003, 22.120053177000045], [89.17856495900008, 22.101298891000056], [89.17489846600006, 22.08164079000005], [89.14812973300008, 22.08695798900004], [89.13123810300004, 22.101617616000055], [89.11937616200004, 22.126001425000027], [89.13803404100008, 22.123896758000058], [89.14381324800007, 22.13022286000006], [89.13213235500007, 22.136864221000053], [89.12633602000005, 22.154086585000073], [89.10901778100003, 22.158404159000042], [89.10210371300008, 22.168860533000043], [89.08517358000006, 22.180733694000025], [89.10703404100008, 22.15632177300006], [89.12579852700009, 22.15112262100007], [89.12976892700004, 22.13580993100004], [89.14053706500005, 22.129539686000044], [89.11990500200005, 22.129837121000037], [89.11580230000004, 22.120520370000065], [89.14809179400004, 22.077930452000032], [89.13893156300009, 22.068007375000036], [89.12909487600007, 22.073747110000056], [89.11920005000007, 22.070170947000065], [89.10378921100005, 22.047341878000054], [89.09389386800007, 22.050326432000077], [89.08962170800004, 22.018569589000037], [89.06768099400006, 22.054420578000077], [89.08734279400005, 22.054280985000048], [89.09081165500004, 22.058901297000034], [89.09834486400007, 22.09415118100003], [89.07719815000007, 22.102193123000063], [89.08271293000007, 22.108839660000058], [89.08302840500005, 22.112995235000028], [89.09174857000005, 22.11002387700006], [89.09539375300005, 22.110596007000026], [89.09461345900007, 22.12001835600006], [89.08501291100004, 22.12246463100007], [89.09228277200003, 22.124539483000035], [89.09238951800006, 22.12618053800003], [89.08419086000004, 22.12228556100007], [89.09424086000007, 22.11915441700006], [89.09437905300007, 22.11132126800004], [89.08226538800005, 22.114329629000054], [89.07664381500007, 22.102325497000038], [89.09698051000004, 22.09419587600007], [89.08692481800006, 22.055516279000074], [89.05573293100008, 22.064666588000023], [89.04777484600004, 22.09699708900007], [89.09878786000007, 22.143227270000068], [89.10189563600005, 22.156091428000025], [89.09161412000003, 22.162558475000026], [89.07603319800006, 22.149017033000064], [89.07143151000008, 22.154239439000037], [89.06737102800008, 22.17293304800006], [89.07539686800004, 22.19424865900004], [89.04179729500004, 22.225074670000026], [89.03455071000008, 22.257978127000058], [89.01602045600004, 22.253513872000042], [89.01939641700005, 22.26896928800005], [88.99578782400005, 22.285595743000044], [88.99962357700008, 22.29621654700003], [89.02522193800007, 22.294820326000035], [89.00013214800003, 22.323950271000058], [88.98550925000006, 22.32621046400004], [88.98898106600006, 22.364042847000064], [88.98290857300003, 22.37578762000004], [88.99084084900005, 22.390700374000062], [88.97352060500003, 22.409096327000043], [89.00233431400005, 22.42986734400006], [88.99093959500004, 22.44518078300007], [88.99695862900006, 22.47026212000003], [88.98061812000003, 22.48569692700005], [88.96066578100005, 22.55114942800003], [88.93820604200005, 22.56136257600008], [88.93865572200008, 22.591496738000046], [88.96074543500004, 22.616151353000078], [88.93474818700008, 22.61823111600006], [88.92851994200004, 22.65235639100007], [88.94485909400004, 22.662322424000024], [88.96231911100006, 22.695107756000027], [88.92791871900005, 22.718121702000076], [88.91566233000003, 22.736669708000022], [88.92091529600003, 22.752799949000064], [88.91098367300003, 22.75786114300007], [88.93804696000007, 22.793099019000067], [88.95783217600007, 22.79600289700005], [88.95542702000006, 22.811581084000068], [88.96813812000005, 22.845175006000034], [88.94608466400007, 22.880080406000047], [88.92793276200007, 22.872648996000066], [88.90539910900009, 22.885914312000068], [88.89532435100006, 22.913248236000072], [88.90858508300005, 22.919159680000064], [88.88688359100007, 22.933736904000057], [88.89406154200003, 22.952484947000073], [88.87951590300008, 22.95426842100005], [88.85889516000003, 22.943754520000027], [88.85698134800003, 22.96884065000006], [88.87107629700006, 22.978746115000035], [88.86558307900003, 23.000383018000036], [88.84497380500005, 23.01054335500004], [88.87786378200008, 23.003402772000072], [88.88017625600008, 23.00847353300003], [88.87223242500005, 23.01769098500006], [88.88408762600005, 23.040551786000037], [88.87494681200008, 23.04442318200006], [88.87378462100008, 23.066256502000044], [88.86098910500004, 23.077446289000022], [88.87458915800005, 23.08992064800003], [88.86838534900005, 23.101176039000052], [88.89976993100004, 23.11219331600006], [88.91026671100008, 23.129900500000076], [88.91787201400007, 23.12921800600003], [88.92075828300005, 23.143285802000037], [88.93081580800003, 23.14332559500008], [88.92783716400004, 23.16317659200007], [88.93401435800007, 23.161915030000046], [88.93901124200005, 23.176917530000026], [88.95715281400004, 23.18217353700004], [88.96179801800008, 23.193221106000067], [88.97530138700006, 23.192490964000058], [88.97602048100003, 23.181975498000043], [88.98036462200008, 23.18265727800008], [88.98748444600005, 23.203044010000042], [88.97966923600006, 23.212647419000064], [88.99583584100003, 23.215189061000046], [88.98311522600005, 23.22194207600006], [88.97960708800008, 23.21562797400003], [88.97554483900007, 23.224569470000063], [88.97783256400004, 23.21461959100003], [88.97061812600003, 23.22267626200005], [88.94221883500006, 23.206358317000024], [88.92636668100005, 23.21803760000006], [88.91666902800006, 23.219679734000067], [88.92093206000004, 23.21613437700006], [88.91478605500004, 23.21322525100004], [88.91492378300006, 23.22895730600004], [88.90678354100004, 23.23609684200005], [88.88627955100009, 23.226103574000035], [88.87464533200006, 23.234283462000064], [88.84484711900006, 23.230687528000033], [88.83681592600004, 23.243811393000044], [88.82423235100003, 23.23375273700003], [88.82822167100005, 23.245194635000075], [88.81095467800003, 23.25620612800003], [88.80589112400008, 23.23809899200006], [88.81140032900004, 23.22167401200005], [88.77850816300008, 23.221089819000042], [88.76947151500008, 23.244963201000076], [88.75390352000005, 23.24026041600007], [88.71881313700004, 23.254865296000048], [88.72444409500008, 23.271901296000067], [88.71145106800003, 23.278175394000073], [88.70760295500008, 23.290951988000074], [88.69763539000007, 23.291777582000066], [88.69624006500004, 23.302232376000063], [88.70855612900004, 23.312800717000073], [88.70644076100007, 23.304132958000025], [88.71997554100005, 23.303718340000046], [88.71920331300004, 23.29790530400004], [88.72694609600006, 23.29983224800003], [88.72501251000006, 23.318120884000052], [88.73055895200008, 23.31986253100007], [88.73752948500004, 23.305079378000073], [88.74501316300007, 23.307122846000027], [88.74982168800005, 23.32135558500005], [88.73281136100007, 23.327909825000063], [88.73908358900007, 23.34327779000006], [88.73218843700005, 23.35263711300007], [88.74604338100005, 23.348973149000074], [88.74762554100005, 23.362391483000067], [88.75887820900004, 23.360306596000044], [88.76548779200004, 23.367671088000066], [88.75911959500007, 23.375367512000025], [88.76283964800007, 23.387352056000054], [88.74876517700005, 23.398148952000042], [88.76114713100009, 23.408914980000077], [88.75454018800008, 23.414324616000044], [88.76282872200005, 23.446972278000032], [88.77320585500007, 23.44899599300004], [88.78220788500005, 23.441949602000022], [88.77863733200007, 23.437442025000053], [88.79540900700005, 23.44360419700007], [88.78725117300007, 23.469580429000075], [88.80138474200004, 23.486356993000072], [88.79454119200005, 23.48580146100005], [88.79970129600008, 23.498250776000077], [88.80356345100006, 23.486731791000068], [88.81574327200008, 23.492605063000042], [88.82336753400006, 23.485576927000068], [88.82851487800008, 23.49473429300008], [88.82016689500006, 23.505779645000075], [88.84287162600003, 23.514825289000044], [88.84843214100005, 23.50353682900004], [88.88757985200004, 23.498677728000075], [88.91150218900003, 23.515019309000024], [88.91341824100004, 23.502441202000057], [88.92968110200007, 23.493303467000032], [88.93642359800003, 23.496595468000066], [88.93562562400007, 23.512575304000052], [88.94281441600003, 23.498746217000075], [88.94693912900004, 23.512726733000022], [88.93559209700004, 23.539198703000068], [88.94673413200007, 23.551746382000033], [88.97736509500004, 23.545454609000046], [88.97638996200004, 23.55744142900005], [88.98764065000006, 23.570585381000058], [88.98439999500005, 23.58142452000004], [89.00346466000008, 23.603240904000074], [89.00686594600006, 23.621529691000035], [88.99644476000003, 23.625555206000058], [88.98244168300005, 23.615360768000073], [88.97836590000009, 23.62231898400006], [88.93535144700007, 23.62674495500005], [88.92880066100008, 23.620364110000025], [88.91290999500006, 23.636755062000077], [88.90087864700007, 23.68875902700006], [88.87952483400005, 23.690012076000073], [88.85095319900006, 23.674974090000035], [88.84266031000004, 23.692370762000053], [88.83350703000008, 23.690404901000022], [88.83462432600004, 23.683233306000034], [88.80830810800006, 23.68370136200008], [88.80193005400008, 23.65470142500004], [88.78234525400006, 23.632445621000045], [88.81637677100008, 23.62551658900003], [88.81363262300005, 23.61148158700007], [88.81595499200006, 23.60540192700006], [88.82414969400008, 23.616316141000027], [88.84321913800005, 23.608942933000037], [88.81525359700004, 23.578022041000054], [88.81237379200007, 23.549335631000076], [88.82562592200009, 23.54036571300003], [88.81904240000006, 23.52713314300007], [88.81355264200005, 23.529829093000046], [88.79852137700004, 23.514557127000046], [88.79801214700007, 23.499531296000043], [88.78446724200006, 23.49730185100003], [88.78655176400008, 23.507391488000053], [88.77049020900006, 23.49713089900007], [88.77489429700006, 23.48036684300007], [88.76168787600005, 23.49084829900005], [88.75604423000004, 23.48762522100003], [88.76081732900008, 23.478654556000038], [88.74345661300003, 23.479023807000033], [88.72406715200003, 23.512600288000044], [88.71506347600007, 23.508511828000053], [88.69822579200007, 23.51594678500004], [88.68286243300008, 23.541695967000067], [88.65966776200008, 23.54921590300006], [88.65067484500008, 23.584645782000052], [88.63873398000004, 23.590860848000034], [88.64599681900006, 23.60813054500005], [88.60490533400008, 23.600394340000037], [88.60623393000003, 23.610501056000032], [88.59715928300005, 23.602070690000062], [88.58003167000004, 23.603060975000062], [88.58527356700006, 23.616560443000026], [88.59378296100004, 23.616988825000078], [88.59371318000007, 23.64091393900003], [88.56215880100007, 23.637184456000057], [88.55819021100007, 23.64924749900007], [88.57382417900004, 23.666752230000043], [88.56873745300004, 23.724104148000038], [88.58134358900008, 23.719233143000054], [88.58082797400004, 23.72917583800006], [88.59721338200006, 23.725535790000038], [88.60340193100006, 23.735355282000057], [88.59912006500008, 23.74514434200006], [88.60642470300007, 23.740735596000036], [88.60306064600007, 23.729151955000077], [88.63233888600007, 23.71493032500007], [88.63453010900008, 23.686893294000072], [88.62628424900004, 23.683840704000033], [88.63747895700004, 23.681055335000053], [88.63727612600007, 23.667993030000048], [88.67473693700003, 23.688423457000056], [88.64660064200007, 23.698745221000024], [88.64957077800005, 23.70505335300004], [88.66554174800007, 23.707232350000027], [88.66711968500005, 23.695818288000055], [88.68576114800004, 23.702254855000035], [88.70095075400008, 23.687547195000036], [88.70800433700003, 23.691235047000077], [88.70311149600008, 23.66774981100008], [88.74651512300005, 23.694878519000042], [88.77377880000006, 23.699766628000077], [88.78411403600006, 23.71738811000006], [88.77992207200003, 23.736372741000025], [88.78843191700008, 23.767397765000055], [88.81770110100007, 23.77096618400003], [88.83211689100006, 23.814279507000037], [88.84900757300005, 23.83181382500004], [88.89287820400006, 23.827340630000037], [88.90731731400007, 23.837860859000045], [88.92222585900004, 23.816404313000078], [88.91071258800008, 23.784038103000057], [88.93889573600006, 23.79639482700003], [88.93762064700007, 23.804015449000076], [88.94746385000008, 23.80108500500006], [88.95761054500008, 23.808961689000057], [88.98826460000004, 23.786257032000037], [89.00536286700003, 23.822888830000068], [89.02109192800003, 23.833773311000073], [89.02531444600004, 23.851827266000043], [89.06195152500004, 23.86409625300007], [89.06108243600005, 23.87919815500004], [89.09290919600005, 23.88029840300004], [89.07830094800005, 23.897014530000035], [89.09678305700004, 23.910261924000054], [89.08490771500004, 23.931313412000065], [89.08787833100007, 23.945229109000024], [89.10406623200004, 23.94772286500006], [89.09861504200006, 23.95986395600005], [89.12803158800006, 23.961998249000033], [89.14828067900004, 23.950558643000022], [89.17025513800007, 23.951068443000054], [89.17869377800008, 23.960825801000055], [89.17765569200003, 23.98739226200007], [89.21641974100004, 23.988403530000028], [89.21651407000007, 23.971539918000076], [89.23700408400003, 23.972887293000042], [89.23651402600007, 23.94396142200003], [89.25132882000008, 23.933750948000068], [89.26247844200003, 23.90970932500005], [89.25861580400004, 23.884741622000035], [89.26490632900004, 23.877987639000025], [89.27098925500007, 23.87650878900007], [89.27907353200004, 23.906051606000062], [89.31115529800007, 23.875014941000074], [89.34714832900005, 23.88922010400006], [89.36076801900003, 23.882775294000055], [89.36322092200004, 23.87009588500007], [89.35151586200004, 23.860637808000035], [89.35133368400005, 23.841130430000078], [89.33646230000005, 23.828747831000044], [89.32696037400007, 23.795265632000053], [89.33019636800003, 23.778542491000053], [89.31107153700003, 23.77616417400003], [89.31043979300006, 23.76847270600007], [89.32305393900003, 23.76641496900004], [89.31576296800006, 23.74798762200004], [89.29815841000004, 23.736022302000038], [89.31098379900004, 23.731068228000026], [89.32170766100006, 23.702788200000043], [89.34799616800007, 23.682774895000023], [89.34914661800008, 23.671099783000045], [89.37672655800009, 23.66349500700005], [89.35497595100009, 23.639003901000024], [89.33964706000006, 23.564609365000024], [89.41197506000003, 23.554442308000034], [89.41743042300004, 23.54131254400005], [89.45271727700003, 23.54180592000006], [89.46566496300005, 23.53086554600003], [89.45790323700004, 23.516274700000054], [89.47102153100008, 23.531684363000068], [89.48748523100005, 23.52389739700004], [89.49775244100005, 23.53554010600004], [89.50966379600004, 23.532146237000063], [89.48931692200006, 23.49455846400008], [89.49448745200004, 23.47615816700005], [89.50867405900004, 23.47229741500007], [89.48688402700003, 23.442420866000077], [89.49789147100006, 23.440974722000078], [89.48775146000008, 23.437312296000073], [89.49419138900004, 23.419788233000077], [89.50646979300006, 23.415579828000034], [89.50784310800003, 23.393752945000074], [89.51743542500003, 23.393274747000078], [89.52688928600008, 23.378717820000077], [89.51626370100007, 23.359518120000075], [89.51710249200005, 23.339198942000053], [89.50089361700003, 23.342199553000057], [89.49792673000007, 23.32244471100006], [89.48409451400005, 23.313090247000048], [89.48042776700004, 23.29956489400007], [89.52360319600007, 23.278009304000022], [89.53435092200004, 23.303297781000026], [89.57849527800005, 23.323394043000064], [89.60464167000003, 23.32103005400006], [89.60447304900003, 23.312213975000077], [89.63028753900005, 23.289994148000062], [89.66571514700007, 23.282835314000067], [89.66905637500008, 23.278343349000068], [89.63682950500004, 23.261615068000026], [89.63324789700005, 23.237132664000058], [89.64183393300004, 23.232456367000054], [89.66499304400008, 23.245934070000033], [89.68735919000005, 23.224114843000052], [89.67903090900006, 23.183265213000027], [89.69107289300007, 23.162620700000048], [89.73346390800003, 23.186453890000053], [89.75365441800005, 23.187694978000025], [89.76485380900004, 23.178377925000063], [89.73227879500007, 23.168203581000057], [89.73950048200004, 23.130552529000056], [89.70485967400003, 23.113499869000066], [89.69506199300008, 23.127104580000037], [89.67836092700009, 23.133163222000064], [89.67607677100006, 23.11527829700003], [89.73647440100007, 23.071917168000027], [89.72900846400006, 23.054526010000075], [89.74677037700008, 23.048638012000026], [89.76127812900006, 23.008681414000023], [89.79705894200004, 22.996026851000067], [89.79266372400008, 22.979463890000034], [89.80640402100005, 22.959191977000046], [89.80104671600003, 22.94125997900005], [89.86564345700003, 22.902147975000048], [89.84867145700008, 22.890833921000024], [89.91945533900008, 22.881058061000033], [89.92158647400004, 22.864648914000043], [89.94378017500009, 22.85649355000004], [89.94578675000008, 22.831699568000033], [89.91400352300008, 22.799757854000063], [89.93825779700006, 22.784943284000065], [89.90446610600009, 22.77256392000004], [89.91341593100003, 22.752356494000026], [89.93138333800005, 22.75238187900004], [89.93114661200008, 22.723038811000038], [89.90272735500008, 22.725064562000057], [89.86164645700006, 22.69703138600005], [89.91521871600008, 22.69320308700003], [89.93700040700008, 22.67994576600006], [89.91406576100007, 22.659747459000073], [89.89665324200007, 22.67496210400003], [89.89010955900005, 22.66399653900004], [89.92682901200004, 22.64208543600006], [89.92086842300006, 22.606064553000067], [89.96197179400008, 22.59427609900007], [89.95423858700008, 22.554038320000075], [89.92324335500007, 22.510627234000026], [89.96463440900004, 22.507684108000035], [89.96962125800007, 22.501441726000053], [89.95861601000007, 22.491820792000055], [89.89440311000004, 22.50691964500004], [89.88221233000007, 22.49759085200003], [89.89483048900007, 22.475730017000046], [89.93067271800004, 22.477897831000064], [89.94451758200006, 22.466957227000023], [89.93351145600008, 22.448144848000027], [89.90163734900005, 22.444052200000044], [89.87150445900005, 22.420435243000043], [89.90165710000008, 22.371111625000026], [89.89555744200004, 22.34692371700004], [89.86762004400003, 22.304565896000042], [89.85763794900004, 22.26184745300003], [89.88587292600005, 22.177272801000072], [89.87674198100007, 22.176495170000067], [89.88406360700003, 22.114868813000044], [89.87690871200004, 22.096955750000063], [89.84532395500008, 22.063792758000034], [89.81742019700005, 22.06596306600005], [89.80571321100007, 22.075463510000077], [89.83486920800004, 22.10107255500003], [89.84205635400008, 22.119676893000076], [89.83768627800004, 22.127465133000044], [89.81326831500007, 22.14458756700003], [89.83682022300007, 22.164034628000024], [89.80789554700004, 22.220079334000047], [89.80486968900004, 22.20891376900005], [89.83438336800003, 22.163195356000074], [89.81467261500006, 22.149967489000062], [89.81057911700003, 22.14017509000007], [89.83675459400007, 22.12316153200004], [89.80052444400008, 22.07215853300005], [89.77548041600005, 22.092452869000056], [89.75796623900004, 22.13466935100007], [89.74404964600006, 22.138497636000068], [89.74743531000007, 22.186688745000026], [89.73108723400009, 22.19859612700003], [89.73663682100005, 22.209321630000034], [89.74727513400006, 22.196412304000035], [89.75312181800007, 22.20001045400005], [89.76257743600007, 22.243521214000054], [89.75452878900006, 22.25231602300005], [89.76198128400006, 22.260345053000037], [89.75376066200005, 22.253124279000076], [89.76181375400006, 22.243549177000034], [89.74966525000008, 22.19833015000006], [89.73368531800008, 22.221151812000073], [89.73748204000003, 22.21230517600003], [89.72964866100006, 22.197020919000067], [89.74506420700004, 22.185614479000037], [89.74160467400009, 22.136509879000073], [89.71349538600003, 22.130620231000023], [89.69407923800009, 22.183198686000026], [89.71110836800005, 22.18558773500007], [89.71398683000007, 22.19826518700006], [89.70747709500006, 22.20354690000005], [89.69206861700007, 22.196783396000058], [89.73768732400004, 22.279896790000066], [89.70356992300003, 22.278397131000077], [89.71419532200008, 22.350319511000066], [89.70563629800006, 22.341514775000064], [89.70135375600006, 22.312202548000073], [89.68221678000003, 22.333181683000078], [89.67176040100009, 22.359618216000058], [89.661488, 22.369832734000056], [89.63981008500008, 22.364734750000025], [89.66640254900005, 22.363879564000058], [89.67683739800003, 22.33669804300007], [89.70481573900008, 22.307297944000027], [89.70003210800007, 22.276363294000078], [89.73477902500008, 22.277214254000057], [89.69430351300008, 22.214453381000055], [89.68657440400005, 22.218309885000053], [89.67414532600009, 22.208205729000042], [89.67857909100007, 22.223966699000073], [89.67686180700008, 22.23870273600005], [89.63775188700004, 22.249193211000033], [89.66374063900008, 22.250054789000046], [89.67357772500009, 22.25379893300004], [89.67578640600004, 22.256909162000056], [89.67404241300005, 22.25849570200006], [89.65195628600009, 22.261720296000078], [89.66407077200006, 22.268800689000045], [89.66960234600003, 22.27582994100004], [89.64298514300003, 22.287750146000064], [89.66588098400007, 22.271618585000056], [89.65250753700008, 22.263628828000037], [89.65163033700009, 22.262781119000067], [89.65196278400003, 22.26068786600007], [89.67474115300007, 22.256947728000057], [89.63678114000004, 22.250114231000055], [89.63677360600008, 22.24844852600006], [89.64454952700004, 22.244055025000023], [89.65785632000006, 22.239829281000027], [89.67603055500007, 22.238051744000074], [89.67282551500006, 22.208343112000023], [89.67411705000006, 22.207321156000035], [89.67743412900006, 22.208306291000042], [89.68726295900007, 22.217236126000046], [89.69207768900009, 22.214029939000056], [89.68931262300003, 22.192736143000047], [89.70983423700005, 22.19946759800007], [89.70937206300005, 22.18789292500003], [89.69557874900005, 22.19085358600006], [89.68959326300006, 22.17856009700006], [89.70893592100003, 22.129646329000025], [89.70446621600007, 22.07163996500003], [89.68508205500007, 22.06700243000006], [89.66899656800007, 22.087754435000022], [89.68451274000006, 22.09477438500005], [89.68036235300008, 22.09960595800004], [89.66552198700003, 22.09980833000003], [89.67891185900004, 22.12098674200007], [89.68184205500006, 22.13307853500004], [89.67756421600006, 22.14183914800003], [89.67052204800007, 22.145046683000032], [89.65825677600003, 22.138872718000073], [89.66148873600008, 22.149014892000025], [89.64955240000006, 22.149060268000028], [89.64657359300008, 22.15706279500006], [89.64179241100004, 22.161875855000062], [89.63164726200006, 22.16713099800006], [89.61469173200004, 22.168663779000042], [89.60689264000007, 22.178973339000038], [89.61958552300007, 22.19834475600004], [89.61670121800006, 22.203015209000057], [89.60447049500004, 22.21161367900004], [89.60283485400004, 22.22945233100006], [89.61598832500005, 22.21542831000005], [89.62002423200005, 22.21376841700004], [89.62190254400008, 22.215590374000044], [89.61530214600003, 22.241445318000046], [89.60514118400005, 22.247560562000047], [89.62099520000004, 22.257601158000057], [89.60983354300004, 22.269968823000056], [89.61769897400006, 22.268317891000038], [89.62489789100005, 22.276091386000076], [89.62289563800005, 22.27889102100005], [89.61498562400004, 22.28023210400005], [89.62554887100003, 22.294425239000077], [89.61493039200008, 22.30006481600003], [89.63660614600008, 22.342685741000025], [89.62882316100007, 22.365906670000072], [89.61961505400006, 22.36306355200003], [89.62458221500003, 22.344043089000024], [89.61454124300008, 22.323352812000053], [89.58192730000007, 22.279519660000062], [89.57919322700008, 22.25965012200004], [89.58672115400003, 22.243320366000034], [89.57815742400004, 22.240621426000075], [89.57273688800007, 22.253644458000053], [89.55606479600004, 22.261171536000063], [89.55389006000007, 22.304219450000062], [89.52840848200003, 22.33202822900006], [89.51243096600007, 22.33141180900003], [89.53488147800005, 22.339079949000052], [89.53551686100008, 22.34515181000006], [89.50384404300007, 22.372244898000076], [89.53457707400008, 22.343017924000037], [89.51481548100008, 22.337647938000032], [89.51112277500005, 22.333066745000053], [89.51188278900008, 22.328137295000033], [89.52722057000005, 22.330642557000033], [89.55202769200008, 22.302164423000022], [89.55324311100009, 22.262717678000058], [89.57297815900006, 22.24448894300008], [89.54365043500007, 22.206512817000032], [89.52766169200004, 22.19725769300004], [89.53508818300008, 22.209548362000078], [89.52835123900007, 22.22225448200004], [89.53797441900008, 22.233293066000044], [89.53520570900008, 22.242244249000066], [89.52693596600005, 22.221033582000075], [89.53314671700008, 22.21013736900005], [89.52464558400004, 22.198133424000048], [89.52984045400007, 22.196372434000068], [89.54155051400005, 22.202515490000053], [89.58392995600008, 22.124785307000025], [89.53196105400008, 21.99470083800003], [89.51017587100006, 22.016628379000053], [89.53446367000004, 22.063093838000043], [89.53521720200007, 22.082553147000056], [89.52674505700008, 22.095666450000067], [89.54493168400006, 22.095649493000053], [89.55050074400003, 22.111919640000053], [89.53911558700008, 22.125611870000057], [89.54390091100004, 22.14692900800003], [89.53900534100006, 22.151761287000056], [89.53716184900009, 22.12734996200004], [89.54841504400008, 22.11228881200003], [89.54372131700006, 22.09822174900006], [89.52382888900007, 22.09656705900005], [89.51640003000006, 22.103394097000034], [89.47591310400009, 22.232265608000034], [89.49692313200006, 22.274771677000047], [89.49698821800007, 22.289649885000074], [89.48654528300005, 22.30251246000006], [89.49133498900005, 22.305926326000076], [89.49703399700007, 22.297203640000077], [89.50158559000005, 22.29600796400007], [89.50932534500004, 22.296703741000044], [89.51643890300005, 22.30218873900003], [89.50113072900007, 22.296975753000027], [89.49215010000006, 22.307049950000078], [89.48582034100008, 22.303546538000035], [89.49578990700007, 22.288388738000037], [89.49255702800008, 22.266433179000046], [89.47628337600008, 22.299428979000027], [89.48304722200004, 22.311242635000042], [89.48258963100005, 22.317431463000048], [89.46039914400006, 22.333926649000034], [89.46116566600006, 22.342696682000053], [89.48393053900008, 22.33671518400007], [89.49716021700004, 22.344376969000052], [89.48711897700008, 22.341130234000047], [89.48992328300005, 22.37108762400004], [89.46894661600004, 22.37309458200008], [89.47759658900009, 22.382632667000053], [89.46687087100008, 22.386115552000035], [89.46516540400006, 22.399216177000028], [89.47254012200005, 22.397931612000036], [89.47775602800004, 22.403996758000062], [89.46305341500005, 22.405342360000077], [89.47446113200004, 22.403060105000066], [89.46391975500006, 22.399528240000052], [89.46587148900005, 22.385565703000054], [89.47651099300003, 22.382565920000047], [89.46825976900004, 22.375713020000035], [89.46810603900008, 22.371913738000046], [89.48887319000005, 22.370297509000068], [89.48608045500004, 22.339317600000072], [89.46360958700006, 22.34427670200006], [89.45797218500007, 22.343010122000067], [89.45626360900008, 22.33862743700007], [89.46373342600003, 22.32919204600006], [89.48057909200008, 22.316791807000072], [89.47364322500005, 22.305288043000076], [89.43361277300005, 22.35711742700005], [89.44656211700004, 22.374113540000053], [89.44850158600008, 22.406266775000063], [89.42447800800005, 22.411541529000033], [89.43875946300005, 22.385936341000047], [89.42253340000008, 22.354213697000034], [89.40903387700007, 22.36641045500005], [89.41024274900008, 22.37666014200005], [89.40077719100003, 22.39310935000003], [89.38818822500008, 22.398655293000047], [89.39938273500007, 22.392778113000077], [89.40847730900003, 22.365021718000037], [89.42272688700007, 22.350196830000073], [89.41994229400007, 22.342290380000065], [89.42419424000008, 22.331506312000045], [89.42134996600004, 22.32444970000006], [89.39869959900005, 22.33425603200004], [89.40062924200004, 22.350095113000066], [89.38408113400004, 22.350651854000034], [89.38433834700004, 22.37340463700008], [89.36474144600004, 22.374558351000076], [89.36882018800009, 22.38477774000006], [89.36513879700004, 22.39275318400007], [89.36244599800006, 22.373572825000053], [89.38256086600006, 22.372292065000067], [89.38251359600008, 22.34996467600007], [89.40013277500003, 22.34767388100005], [89.39579142600007, 22.335349049000058], [89.41619176900008, 22.321263961000056], [89.40590377400008, 22.305835563000073], [89.41916066500005, 22.29063138400005], [89.41110325100004, 22.293844702000058], [89.40662357000008, 22.289636622000046], [89.40248749500006, 22.29457742900007], [89.39547726200004, 22.297811033000073], [89.38460412500007, 22.297144845000048], [89.37871818300005, 22.315770416000078], [89.36183334900005, 22.32146762700006], [89.37672007100008, 22.314704934000076], [89.38329681900007, 22.296606033000046], [89.42696396700006, 22.28239215900004], [89.42187710400003, 22.275177692000057], [89.40739908800003, 22.27859258500007], [89.40532196700008, 22.27303812200006], [89.40236605400008, 22.279326785000023], [89.39424528800004, 22.276609085000075], [89.39021906400006, 22.29090551200005], [89.39275561300008, 22.277666709000073], [89.39476162300008, 22.275254219000033], [89.40101385700007, 22.278381422000052], [89.40546815400006, 22.27153449700006], [89.40871668800008, 22.277603648000024], [89.41677219800005, 22.273392444000024], [89.42580762000006, 22.274886173000027], [89.41414041200005, 22.25921651400006], [89.38398168400005, 22.270396608000055], [89.37823910800006, 22.258626048000053], [89.37021725700004, 22.269560694000063], [89.36002636500007, 22.27052165300006], [89.34605330000005, 22.26351326300005], [89.36918150400004, 22.268665982000073], [89.37841312000006, 22.25740712700008], [89.38520314400006, 22.268938578000075], [89.41199612300005, 22.258417445000077], [89.40893765000004, 22.241377214000067], [89.41905252100008, 22.22671723800005], [89.41341212600008, 22.224630743000034], [89.40995859500003, 22.220029800000077], [89.40277191100006, 22.228910304000067], [89.39629706400007, 22.225936792000027], [89.39647753000008, 22.235913854000046], [89.38952151700005, 22.242054453000037], [89.39488203100007, 22.225770899000054], [89.39741084900004, 22.224576782000042], [89.40275300600007, 22.22743147600005], [89.39202440600008, 22.220369469000048], [89.40217613900006, 22.209001587000046], [89.38880130600006, 22.199290850000068], [89.38600112000006, 22.200931007000065], [89.38516318500007, 22.206912900000077], [89.38034374200004, 22.21169706300003], [89.37583054600003, 22.213593339000056], [89.36525369700007, 22.214786424000067], [89.37912740800004, 22.211199227000066], [89.38368657000007, 22.206941477000044], [89.38511712200005, 22.20036473700003], [89.38778314400008, 22.19855272500007], [89.41058740000005, 22.19535551000007], [89.41428617900004, 22.18439694500006], [89.42899827600007, 22.16650936700006], [89.40618331300004, 22.15215310600007], [89.40640521300008, 22.133921049000037], [89.37896818400009, 22.13833799300005], [89.38566670200004, 22.15734400900004], [89.37029121000006, 22.16230097300007], [89.38364572400008, 22.181564663000074], [89.37409426800008, 22.185044477000076], [89.35925391400008, 22.182274602000064], [89.36010281800009, 22.190809736000062], [89.35782999000008, 22.181637742000078], [89.38256517200006, 22.180918306000024], [89.36876545700005, 22.162374686000078], [89.38403077700008, 22.157119043000023], [89.37655724500007, 22.138132592000034], [89.40523838900003, 22.130281403000026], [89.38204445200006, 22.120439520000048], [89.37992687600007, 22.100466039000025], [89.36973511600007, 22.099815269000032], [89.35082437200003, 22.118413050000072], [89.35169238900005, 22.13637428800007], [89.33221309400005, 22.129831034000063], [89.34069329900007, 22.153250164000042], [89.33716749500007, 22.179436526000075], [89.32450479900007, 22.190319044000034], [89.33483900100003, 22.19893144200006], [89.33190840300006, 22.21659752100004], [89.33004564400005, 22.20060820300006], [89.30569042400003, 22.21445768500007], [89.31164688600006, 22.18748473200003]], [[89.47170843100008, 23.287748368000052], [89.46365350800005, 23.283982538000032], [89.45505150900004, 23.257219943000052], [89.44034189900003, 23.26183710500004], [89.42257882000007, 23.252256053000053], [89.43356386000005, 23.233365270000036], [89.41775743600004, 23.229742886000054], [89.42334531200004, 23.18367276300006], [89.40882914300005, 23.153432907000024], [89.41929580000004, 23.140360944000065], [89.39266747000005, 23.14470880300007], [89.35691596400005, 23.132953993000058], [89.32287830300004, 23.146083133000047], [89.32853785500004, 23.149594617000048], [89.32129294700007, 23.166239450000035], [89.33851857600007, 23.165078608000044], [89.32889014300008, 23.17060722800005], [89.32859924500008, 23.18406047700006], [89.31500910000005, 23.16730917900003], [89.30050618200005, 23.174254374000043], [89.30574320100004, 23.193430018000072], [89.28804259600008, 23.20986460200004], [89.30159157900005, 23.23402430300007], [89.26577750900003, 23.23876471600005], [89.26268772500003, 23.264781972000037], [89.25017003700003, 23.27969378000006], [89.23706437700008, 23.277922876000048], [89.24686137700007, 23.297047727000063], [89.23470681900005, 23.31003368100005], [89.21463100900007, 23.315709594000054], [89.21011586700007, 23.325907248000078], [89.19953276400008, 23.291414649000046], [89.17080285500003, 23.290598131000024], [89.16000374900005, 23.28293867900004], [89.14640824500003, 23.286856542000066], [89.14446707500008, 23.276133983000022], [89.13053147800008, 23.27407363800006], [89.12954013300003, 23.260794892000035], [89.10728990500007, 23.25281341400006], [89.10320744000006, 23.243814703000055], [89.11614133100005, 23.215092343000038], [89.11299868500004, 23.190306296000074], [89.10109508600004, 23.180243690000054], [89.10945967700007, 23.137557515000026], [89.13939535000009, 23.127479032000053], [89.12760075500006, 23.12061716000005], [89.15268434700005, 23.11085291300003], [89.15214920600005, 23.08462748200003], [89.17076907400008, 23.096757411000056], [89.18298711100005, 23.08752807600007], [89.19754307700003, 23.095387291000065], [89.20852201600007, 23.087769895000065], [89.21062056200003, 23.071101270000042], [89.22023823200004, 23.086153152000065], [89.26064192400008, 23.095857976000048], [89.26758535200008, 23.106812799000068], [89.27804938700007, 23.091371266000067], [89.29765165400005, 23.086649059000024], [89.30736667800005, 23.097273511000026], [89.34326582300008, 23.09425069400004], [89.35503812700006, 23.110946488000025], [89.36538107700005, 23.109636857000055], [89.36946557800007, 23.097977482000033], [89.38263172700005, 23.09648260800003], [89.37783304400006, 23.08774349400005], [89.39981995400007, 23.076839835000044], [89.39915538300005, 23.08427097200007], [89.41663414600004, 23.083067910000068], [89.44230690500007, 23.114552960000026], [89.44049363100004, 23.073546925000073], [89.45326197200006, 23.06811866000004], [89.44388694600008, 23.066547489000072], [89.44383710100004, 23.054920511000034], [89.45441845100004, 23.05398574900005], [89.46745072200008, 23.032718601000056], [89.50899727000007, 23.034072474000027], [89.52630076300005, 23.04856207000006], [89.53828732700003, 23.047367303000044], [89.54331711100008, 23.06245333800007], [89.51774958500005, 23.102318850000074], [89.53949726400003, 23.088104543000043], [89.55034393800008, 23.111113475000025], [89.57577018400008, 23.089575246000038], [89.58203964600006, 23.091671305000034], [89.60908886600004, 23.13201814400003], [89.61312842200005, 23.152597306000075], [89.59176227900008, 23.160042641000075], [89.59790996000004, 23.17996869600006], [89.58605177400005, 23.191823329000044], [89.59581643200005, 23.204605195000056], [89.53036988100007, 23.236373936000064], [89.51412223200003, 23.26254116700005], [89.47170843100008, 23.287748368000052]], [[89.46032818800006, 22.917437833000065], [89.47464327600005, 22.908379074000038], [89.48138224300004, 22.88693900900006], [89.49151789500007, 22.887273255000025], [89.49816285200006, 22.897381290000055], [89.51822473100003, 22.894621423000046], [89.51454473200005, 22.927581770000074], [89.48529259900005, 22.94937621200006], [89.47364029700003, 22.946828981000067], [89.46032818800006, 22.917437833000065]], [[89.51363511200003, 22.837901242000044], [89.53359387500007, 22.823433089000048], [89.54287094200004, 22.797631745000047], [89.56456588300006, 22.796616546000052], [89.57548473900005, 22.769142635000037], [89.58431098500006, 22.78160138800007], [89.58292618900003, 22.80252007400003], [89.55502504000003, 22.833547852000038], [89.55098538500005, 22.868643168000062], [89.53069747400008, 22.86931948700004], [89.53203944800003, 22.858540869000024], [89.51888164700006, 22.855366460000027], [89.51363511200003, 22.837901242000044]]], [[[89.02649421700005, 24.091739447000066], [89.05929876500005, 23.99871669500004], [89.03845194900003, 23.991177590000063], [88.99526257100007, 23.987385807000067], [88.96417077000007, 24.01076045900004], [88.92246369600008, 24.021653067000045], [88.92237208400007, 24.040007311000068], [88.90798878400005, 24.04843426000008], [88.92417965000004, 24.072341648000076], [88.92755079400007, 24.112587420000068], [88.91919908300008, 24.117496263000078], [88.91984507800004, 24.12076107400003], [88.93970916300003, 24.132092139000065], [89.00667774600004, 24.118116670000063], [89.02649421700005, 24.091739447000066]]], [[[89.29043561000003, 21.691007940000077], [89.27738, 21.66770503400005], [89.26021666400004, 21.667270880000046], [89.25866414100005, 21.658300074000067], [89.20816687400009, 21.65746929100004], [89.23021603400008, 21.700599578000038], [89.23441203500005, 21.693148978000067], [89.24622997900008, 21.689139599000043], [89.25699707100006, 21.696717808000074], [89.29043561000003, 21.691007940000077]]], [[[89.34890171200004, 21.704023170000028], [89.33035109000008, 21.701392791000046], [89.33675013700008, 21.71831730300005], [89.34890171200004, 21.704023170000028]]], [[[89.28056880200006, 21.70623762100007], [89.25467422300005, 21.69919128400005], [89.24780562700005, 21.691989205000027], [89.23752554000004, 21.695348514000045], [89.22567684300003, 21.70491465500004], [89.22138918100006, 21.747084080000036], [89.24517017900007, 21.75591915600006], [89.27571773900007, 21.755517859000065], [89.28850147600008, 21.731669659000033], [89.28056880200006, 21.70623762100007]]], [[[89.23690152500006, 21.810065292000047], [89.24223844000005, 21.80819520700004], [89.25783524300005, 21.794518634000042], [89.28179020900006, 21.792799270000046], [89.28660910900004, 21.754782283000054], [89.26198507700008, 21.761462772000073], [89.21863643400008, 21.752228286000047], [89.19224535600006, 21.78621742400003], [89.18454890600003, 21.81663193600008], [89.19930802000005, 21.825823350000064], [89.22897416500007, 21.821853176000047], [89.23479833600004, 21.81100867400005], [89.23690152500006, 21.810065292000047]]], [[[89.39317032600007, 21.85784340300006], [89.40620273100006, 21.847961146000046], [89.45602077500007, 21.84191442200006], [89.46354844000007, 21.818849604000036], [89.45541346600004, 21.818289931000038], [89.43614721500006, 21.808800544000064], [89.43134221300005, 21.81920087900005], [89.41534247400006, 21.81647868300007], [89.43103277800003, 21.817701775000046], [89.43668644100006, 21.80775522500005], [89.46373230200004, 21.81819293600006], [89.47401818800006, 21.793447556000046], [89.43330243900004, 21.74626990200005], [89.40648334800005, 21.755502129000035], [89.42640921700007, 21.735967328000072], [89.39786545700008, 21.72147560600007], [89.37717809300005, 21.731343355000035], [89.36007436200003, 21.751787640000032], [89.37989783300009, 21.76256082900005], [89.39467595600007, 21.798312641000052], [89.37947164500008, 21.764536943000053], [89.36083245400005, 21.755102562000047], [89.34845011600004, 21.80562551400004], [89.38156810100008, 21.877735838000035], [89.38457793300006, 21.871421051000027], [89.39591557900008, 21.87423205500005], [89.39065880300006, 21.862851070000033], [89.39317032600007, 21.85784340300006]]], [[[89.25734206500005, 21.79712451300003], [89.23938151700008, 21.81516472100003], [89.23582684400003, 21.811128059000055], [89.23364865900004, 21.816500690000055], [89.25206144500004, 21.817609109000045], [89.25866598200008, 21.832506512000066], [89.26650277800007, 21.831967857000052], [89.28117802700007, 21.794138774000032], [89.25734206500005, 21.79712451300003]]], [[[89.31449771800004, 21.85758332000006], [89.33347093800006, 21.864371952000056], [89.36403784100008, 21.883615409000072], [89.35025155700004, 21.83432056600003], [89.33732508800006, 21.817058630000076], [89.33579598200004, 21.789545219000047], [89.30933052700004, 21.84143010400004], [89.31449771800004, 21.85758332000006]]], [[[89.31863823000003, 21.862901099000055], [89.33353280100005, 21.87586981800007], [89.35739159200006, 21.88366132300007], [89.33866006800008, 21.869101732000047], [89.31863823000003, 21.862901099000055]]], [[[89.44968505100007, 21.871677331000058], [89.42021970200005, 21.862684126000033], [89.41835140000006, 21.856128123000076], [89.42345766100004, 21.84785410300003], [89.40357302800004, 21.85018937800004], [89.39176927500006, 21.86209430300005], [89.39714090500007, 21.873798375000035], [89.39479673400007, 21.875378991000048], [89.38657133400005, 21.873369188000026], [89.38199338100009, 21.879001686000038], [89.38140457500003, 21.922437870000067], [89.38953509000004, 21.92221726200006], [89.40778778400005, 21.929854805000048], [89.40363077400008, 21.921722397000053], [89.40253179800004, 21.914113155000052], [89.42023448300006, 21.89069942800006], [89.44968505100007, 21.871677331000058]]], [[[89.29406828200007, 21.839420008000047], [89.30805574300007, 21.869597741000064], [89.29082632200004, 21.878990160000058], [89.32114788200005, 21.91698064600007], [89.31851682300004, 21.920794369000077], [89.29692363300006, 21.93074277900007], [89.29000943200003, 21.940513214000077], [89.29822240800007, 21.955894788000023], [89.29341089300004, 21.96338806800003], [89.29869264300004, 21.965900477000048], [89.30348783000005, 21.972832892000042], [89.30154868200003, 21.982959314000027], [89.28879125400005, 21.988282387000027], [89.29978700600003, 21.99233097000007], [89.30635731400008, 21.998039681000023], [89.34820114100006, 21.942281078000065], [89.35981695100008, 21.900065580000046], [89.32303257600006, 21.878979138000034], [89.30633905500008, 21.856870772000036], [89.29723143900009, 21.81853906500004], [89.28123455400004, 21.83568367500004], [89.29406828200007, 21.839420008000047]]], [[[89.27781409400006, 22.053872563000027], [89.30560736900009, 22.00060559900004], [89.28722166900008, 21.988168013000063], [89.29986806500006, 21.98234855800007], [89.30217027600008, 21.972460566000052], [89.29224352400007, 21.96290310100005], [89.29607747000006, 21.954689425000026], [89.28874774400003, 21.939501010000072], [89.29910628600004, 21.92745036900004], [89.31949011700004, 21.91845287800004], [89.28980881100006, 21.880512569000075], [89.29293546500008, 21.874884677000068], [89.30643035800006, 21.869778934000067], [89.29307468400003, 21.84137309500005], [89.28420942200006, 21.842673353000066], [89.27779810400006, 21.875297268000054], [89.29264531500007, 21.892141716000026], [89.29442495000006, 21.910459251000077], [89.27787365700004, 21.925935044000028], [89.27065840000006, 21.928727235000053], [89.27068639800007, 21.939205324000056], [89.26121315000006, 21.94393305600005], [89.26918374100006, 21.93936747600003], [89.26869703900007, 21.929086385000062], [89.27900926100006, 21.919979987000033], [89.26006850300007, 21.916570728000067], [89.23196070700004, 21.949170577000075], [89.24535226900008, 21.95178392400004], [89.25927143200005, 21.962068559000045], [89.26247137600006, 21.965822248000052], [89.25667433100006, 21.973361063000027], [89.26463580900008, 21.975796611000078], [89.26580699900006, 21.97765836800005], [89.26304717500005, 21.99763568000003], [89.26507841300008, 21.977309835000028], [89.25571257100006, 21.97298461200006], [89.26118018400007, 21.965829996000025], [89.23039518600007, 21.950191447000066], [89.23604259400008, 21.941675192000048], [89.20990473800003, 21.952047811000057], [89.25077437000004, 21.981012390000046], [89.24866756500006, 21.99131800500004], [89.21934211800004, 22.00820206000003], [89.25361242200006, 22.060369003000062], [89.22550665500006, 22.09598466600005], [89.24800737500004, 22.095047445000034], [89.26135267100005, 22.08076314400006], [89.29562478700007, 22.085320155000034], [89.28145070200009, 22.072030942000026], [89.27781409400006, 22.053872563000027]]], [[[89.43276025900008, 21.988832824000042], [89.41192057600006, 21.98862704800007], [89.41589107800007, 21.994154140000035], [89.41087359100004, 22.003409059000035], [89.42053409500005, 22.015590944000053], [89.41758325200004, 22.01907675600006], [89.40834070100004, 22.015909604000058], [89.41942392000004, 22.01675695600005], [89.40963336300007, 22.003232101000037], [89.41512065900008, 21.99348370200005], [89.39907557600009, 21.982484328000055], [89.39485173300005, 21.994962388000033], [89.38469879300004, 22.005847897000024], [89.40233467900003, 21.970790580000028], [89.39222292900007, 21.960948405000067], [89.37978778400009, 21.96532138500004], [89.37275121600004, 21.955922705000035], [89.37552211100007, 21.949853173000065], [89.39796881500007, 21.940114643000072], [89.38897030200008, 21.934736778000058], [89.38780630800005, 21.930466541000044], [89.39141623300009, 21.92683542900005], [89.38272581900009, 21.92435557400006], [89.36258751000008, 21.959652292000044], [89.35366280600005, 22.03223938700006], [89.37662741300005, 22.063470986000027], [89.39015888700004, 22.05570653700005], [89.40184304600007, 22.054504903000065], [89.41600456900005, 22.03598499700007], [89.42733833700004, 22.026511912000046], [89.43276025900008, 21.988832824000042]]], [[[89.34856068500005, 22.113082105000046], [89.38459329200003, 22.090325610000036], [89.34273925700006, 22.031480531000057], [89.34704784600007, 21.97223384800003], [89.32501506600005, 21.992837602000066], [89.28953036800004, 22.061519802000078], [89.30439320000005, 22.072105546000046], [89.33305822700004, 22.054634624000073], [89.34433485100004, 22.056760861000043], [89.34454699100007, 22.064352937000024], [89.31833966500005, 22.108463209000035], [89.27819030200004, 22.117332945000044], [89.28944326800007, 22.150537061000023], [89.32321543700004, 22.184453458000064], [89.33181668800006, 22.181774244000053], [89.33728088300006, 22.151549792000026], [89.32696954500005, 22.12796118800003], [89.34928870200008, 22.132166699000038], [89.34856068500005, 22.113082105000046]]], [[[89.32817682200005, 22.06034597100006], [89.30698905800006, 22.07699158400004], [89.30735241800005, 22.091177470000048], [89.29910246500003, 22.098534700000073], [89.26254819900004, 22.089987749000045], [89.27733844200009, 22.113086021000072], [89.31823088000004, 22.105252274000065], [89.32319217300005, 22.085425013000076], [89.34315455600006, 22.05946185700003], [89.32817682200005, 22.06034597100006]]], [[[89.60046900300006, 21.77489509800006], [89.58657722400005, 21.764342833000057], [89.60558798900007, 21.71854031600003], [89.56862780300008, 21.715365388000066], [89.55539705600006, 21.725322294000023], [89.53811643900008, 21.76201552400005], [89.53649636100005, 21.772385636000024], [89.54783630000009, 21.771556193000038], [89.54131339000008, 21.78669362100004], [89.54984354500004, 21.792597514000022], [89.53085534200005, 21.822951052000064], [89.54141754300008, 21.850422528000024], [89.60372394600006, 21.80114992500006], [89.60046900300006, 21.77489509800006]]], [[[89.62573719000005, 21.863711434000038], [89.66070218900006, 21.821500188000073], [89.69675519400005, 21.79388896000006], [89.69887248200007, 21.772809014000075], [89.68781047400006, 21.76380028400007], [89.68370699100007, 21.76799960200003], [89.65899517200006, 21.753177487000073], [89.64701968800006, 21.763574850000055], [89.63600895100006, 21.756547345000058], [89.60955212200008, 21.764781502000062], [89.61827900700007, 21.783973324000044], [89.61482779200009, 21.80160674600006], [89.55617022700005, 21.852016846000026], [89.55459098700004, 21.857558425000036], [89.57744956800008, 21.862235007000038], [89.58711800500004, 21.866380991000028], [89.59434417700004, 21.871940832000064], [89.59315100600008, 21.878951577000066], [89.58123757500005, 21.891757908000045], [89.59140891200008, 21.897873909000054], [89.59725161200004, 21.88992430600007], [89.60093853200004, 21.891051599000036], [89.59225738500004, 21.898768462000078], [89.58008731400008, 21.892202190000035], [89.59273969900005, 21.87146086200005], [89.55488626900006, 21.861431680000067], [89.54874699300007, 21.875709680000057], [89.55281182800007, 21.894413576000034], [89.57531752500006, 21.931906742000024], [89.57341176800008, 21.935248540000032], [89.58841881300003, 21.94647381900006], [89.62157893200003, 21.94497586400007], [89.64626331800008, 21.909939612000073], [89.62576378900008, 21.88297815800007], [89.62573719000005, 21.863711434000038]]], [[[89.63704031100008, 21.892205454000077], [89.64588880000008, 21.897674867000035], [89.66060646500006, 21.869737950000058], [89.65410571500007, 21.857437557000026], [89.63351068600008, 21.870110194000063], [89.63704031100008, 21.892205454000077]]], [[[89.42763332700008, 21.950712923000026], [89.45690642800008, 21.934223128000042], [89.44614497300006, 21.90794108700004], [89.47131386300003, 21.90244085300003], [89.47153203500005, 21.884944017000066], [89.46747011800005, 21.889090186000033], [89.46430103300008, 21.88042656300007], [89.46771508900008, 21.857537697000055], [89.46007418100004, 21.86028587900006], [89.45641664600004, 21.852385605000052], [89.42223902700005, 21.85083516900005], [89.42183468100006, 21.862259532000053], [89.44573240100004, 21.867361410000058], [89.45073765600006, 21.870963731000074], [89.45144091500003, 21.874599630000034], [89.41978738000006, 21.893613997000045], [89.40337319600008, 21.915933247000055], [89.40843298800007, 21.93115356000004], [89.38920566300004, 21.932057274000044], [89.40000397400007, 21.93922768400006], [89.39692643400008, 21.944751934000067], [89.37458965100006, 21.952978038000026], [89.38080058000008, 21.964046007000036], [89.38848378500006, 21.959068092000052], [89.40211752500005, 21.964313025000024], [89.40362730700008, 21.970163726000067], [89.40102011100004, 21.980758544000025], [89.41056188100004, 21.98689351200005], [89.42447320600007, 21.984597075000067], [89.41692116600007, 21.96994157300003], [89.42763332700008, 21.950712923000026]]], [[[89.54340602100007, 21.96057689500003], [89.56885072200004, 21.93559463500003], [89.56719011700005, 21.925550361000035], [89.54550341900006, 21.881078311000067], [89.54340602100007, 21.96057689500003]]], [[[89.57065455700007, 21.929547911000043], [89.57109837400003, 21.935333996000054], [89.57294905400005, 21.933330888000057], [89.57065455700007, 21.929547911000043]]], [[[89.50838641100006, 21.95696366800007], [89.50988222500007, 21.939183796000066], [89.50133391200006, 21.92921395600007], [89.48794115700008, 21.934622834000038], [89.47717669500008, 21.935348410000074], [89.48490312300004, 21.941316339000025], [89.48612077500007, 21.952541773000064], [89.48198738500008, 21.958195072000024], [89.48362939000003, 21.94115226300005], [89.47644207100006, 21.93730541800005], [89.47394499700005, 21.948974449000048], [89.45689080500006, 21.94981591100003], [89.46875044900008, 21.961227317000066], [89.46417086900004, 21.965998978000073], [89.46768648200003, 21.961584402000028], [89.45564215100006, 21.949651983000024], [89.47269193000005, 21.94844361300005], [89.46886039300006, 21.941490292000026], [89.47697674000005, 21.934253760000047], [89.49954564100005, 21.927726587000052], [89.50843121500003, 21.92904419000007], [89.49858200900007, 21.91032182300006], [89.45172686200004, 21.911128330000054], [89.46079374900006, 21.938695540000026], [89.43756182700008, 21.950043373000028], [89.42192714200007, 21.970163677000073], [89.43876284600003, 21.990062093000063], [89.43048254500007, 22.043025121000028], [89.44226003400007, 22.062404378000053], [89.45429120300008, 22.050616234000074], [89.47116138800004, 22.04631000200004], [89.50204218400006, 21.96861225400005], [89.46536340100005, 21.99638887900005], [89.50838641100006, 21.95696366800007]]], [[[89.56847636600008, 22.037534718000074], [89.60575899800006, 22.021469722000063], [89.60633993500005, 22.008687337000026], [89.58575933400004, 21.986334742000054], [89.56157309700006, 21.975228105000042], [89.58190686200004, 21.954102565000028], [89.56779953900008, 21.941779396000072], [89.54830161300004, 21.96190184200003], [89.55079147600009, 21.984951946000024], [89.56847636600008, 22.037534718000074]]], [[[89.66640215500007, 22.055140703000063], [89.65640939900004, 22.051893034000045], [89.65205377900008, 22.03724261800005], [89.66001458000005, 22.018554815000073], [89.65475120800005, 22.004063744000064], [89.64014512400007, 21.99203252600006], [89.62822123800004, 22.003862323000078], [89.62031320900007, 21.999111253000024], [89.62515928100004, 21.97904290300005], [89.64470526200006, 21.982624245000068], [89.64462081000005, 21.964982976000044], [89.62588046300004, 21.948351935000062], [89.58667090800003, 21.950313907000066], [89.56292082300007, 21.974490871000057], [89.58807596900004, 21.985620074000053], [89.60435065800004, 22.00141684700003], [89.60877713600007, 22.01665057100007], [89.60532840000008, 22.02377501600006], [89.59964999700009, 22.028750239000033], [89.61750901700003, 22.02524038000007], [89.63600115500003, 22.02922605200007], [89.63892231600005, 22.032345743000064], [89.62094304600004, 22.040154382000026], [89.62464436400006, 22.05905676800006], [89.63271790100003, 22.06391641700003], [89.62379508800007, 22.06020925100006], [89.61938968500004, 22.04156382700006], [89.62371455400006, 22.03649278300003], [89.63748124700004, 22.031262939000044], [89.61571086600009, 22.02652104300006], [89.60625902700008, 22.033366486000034], [89.59560588200009, 22.028261481000072], [89.56909214600006, 22.03868992200006], [89.57427024400005, 22.045659965000027], [89.59296077800008, 22.038357979000068], [89.59078787100003, 22.052617930000054], [89.60213782900007, 22.052490630000023], [89.60443225200004, 22.054351918000066], [89.60090391500006, 22.065358855000056], [89.60348847000006, 22.053940261000037], [89.58964078700006, 22.052778525000065], [89.59139083700006, 22.039020079000068], [89.57193109600007, 22.046865325000056], [89.59695685200006, 22.091044985000053], [89.59716402300006, 22.086680756000078], [89.59967632100006, 22.085464743000045], [89.62915286100008, 22.09586961800005], [89.62943015700006, 22.10105401800007], [89.63659805500004, 22.09745917600003], [89.64903180100004, 22.098855909000065], [89.64597455200004, 22.07106675600005], [89.64970166200004, 22.069000526000025], [89.65923310900007, 22.072298187000058], [89.66640215500007, 22.055140703000063]]], [[[89.65816131400004, 22.137367164000068], [89.67173685000006, 22.143151067000076], [89.68023748900004, 22.132144011000037], [89.66379966500006, 22.09967746700005], [89.68302419100007, 22.095794090000027], [89.66685080700006, 22.088044826000043], [89.68120539800003, 22.066038680000077], [89.67243036300005, 22.048571824000078], [89.69897304100004, 22.03245297600006], [89.67633217700006, 21.98823547300003], [89.68565473900009, 21.95650891400004], [89.67694167800005, 21.922691564000047], [89.65721155700004, 21.902763595000067], [89.62846453300006, 21.944915627000057], [89.64521128500007, 21.959390730000052], [89.64838675700008, 21.981054517000075], [89.64196746400006, 21.985917030000053], [89.62626899600008, 21.98100564300006], [89.62368205800004, 21.999836134000077], [89.63936692100003, 21.990548873000023], [89.65538370000007, 22.002296003000026], [89.66177652900006, 22.01879731100007], [89.65400794700008, 22.03760531300003], [89.65756428800006, 22.051477044000023], [89.66567240800003, 22.051852361000044], [89.66797096900007, 22.055801152000072], [89.65938937400006, 22.073828156000047], [89.64734626200004, 22.07172386900004], [89.65209402700003, 22.083926010000027], [89.64907729000004, 22.100430818000063], [89.62861880600008, 22.10210298800007], [89.59844551800006, 22.08771665300003], [89.61417972400005, 22.14867779700006], [89.61446490600008, 22.166811207000023], [89.63407297400005, 22.164914015000022], [89.64851650000008, 22.147970245000067], [89.65919329500008, 22.148269295000034], [89.65542446100005, 22.141143424000063], [89.65816131400004, 22.137367164000068]]], [[[89.51537601200005, 22.079874750000045], [89.51695824500007, 22.059876563000046], [89.49237833000007, 22.03037167800005], [89.47873170400004, 22.05030486100003], [89.50038806000003, 22.062067329000058], [89.51537601200005, 22.079874750000045]]], [[[89.44422070400003, 22.06414365100005], [89.48921497900005, 22.090637979000064], [89.51371489000007, 22.078708061000043], [89.47300783000009, 22.04883907100003], [89.45386548300007, 22.052724322000074], [89.44422070400003, 22.06414365100005]]], [[[89.48176472000006, 22.08678145500005], [89.45039883700008, 22.075806302000046], [89.43796106700006, 22.093945441000074], [89.43037956600006, 22.098651997000047], [89.41889462300009, 22.101485569000033], [89.41464872200004, 22.11462136800003], [89.42421932100007, 22.117400085000043], [89.43210060000007, 22.140490820000025], [89.42374825100006, 22.118349554000076], [89.41341847500007, 22.114799332000075], [89.41318927900005, 22.110659161000058], [89.41772837300005, 22.101010511000027], [89.43552626100006, 22.093810572000052], [89.44855765000005, 22.07498504600005], [89.42783721800004, 22.05328955400006], [89.42748857600003, 22.028909347000024], [89.40876627300008, 22.051092528000027], [89.40335290300004, 22.054981042000065], [89.39104025100005, 22.056685513000048], [89.37719453900007, 22.066133714000046], [89.39178650700006, 22.08435835000006], [89.38345170600007, 22.116156165000064], [89.40831245600003, 22.127461494000045], [89.40815066800008, 22.149431949000075], [89.41716756000005, 22.158928521000064], [89.43502766000006, 22.163195925000025], [89.46280784300006, 22.143095575000075], [89.45889156600003, 22.120639964000077], [89.48176472000006, 22.08678145500005]]], [[[89.48278175800004, 22.144154721000064], [89.49573254900008, 22.130634864000058], [89.50925423700005, 22.08764661400005], [89.48533141200005, 22.097136974000023], [89.47182612700004, 22.12190362700005], [89.47060815300006, 22.13591176700004], [89.48278175800004, 22.144154721000064]]], [[[89.46387689900007, 22.153523707000033], [89.44241751400006, 22.170746811000072], [89.44366680600007, 22.17570518100007], [89.43574338800005, 22.181924197000058], [89.43845052100005, 22.185157040000036], [89.43700336700005, 22.187054576000037], [89.43427350600007, 22.183213804000047], [89.44121095400004, 22.171028103000026], [89.46219891000004, 22.14823120500006], [89.43309580200008, 22.166364721000036], [89.41253527900005, 22.197519155000066], [89.39420788200005, 22.20135472800007], [89.40592456100006, 22.210266528000034], [89.39452242100003, 22.220471098000075], [89.41074938600008, 22.219299213000056], [89.41964637700005, 22.226020067000036], [89.41838131100008, 22.231611300000054], [89.45999586300007, 22.246024976000058], [89.45910522000008, 22.196667818000037], [89.47166297400008, 22.167668709000054], [89.46387689900007, 22.153523707000033]]], [[[89.61958539800008, 22.257067387000063], [89.60392533700008, 22.24713412500006], [89.60497153000006, 22.24500798300005], [89.61314603800008, 22.241413100000045], [89.62038856000004, 22.21539176600004], [89.60172279900007, 22.23087786600007], [89.60351827000005, 22.20962834100004], [89.61806906900006, 22.198456113000077], [89.60560683400007, 22.180580031000034], [89.61339666000003, 22.167628258000036], [89.60430050200006, 22.12816143400005], [89.55896173400004, 22.190458552000052], [89.55407845600007, 22.209504090000053], [89.59310528200007, 22.22774594300006], [89.59940046900005, 22.252470161000076], [89.59365627000005, 22.275888051000038], [89.61256778900008, 22.297465259000035], [89.62358140200007, 22.292864833000067], [89.61369161400006, 22.28098169200007], [89.61546677500007, 22.278552038000043], [89.62417141000003, 22.276995103000047], [89.60991252200006, 22.271240860000034], [89.60841137200003, 22.26862015300003], [89.61958539800008, 22.257067387000063]]], [[[89.41476061700007, 22.238201073000027], [89.43394722300008, 22.278560821000042], [89.40974780100004, 22.304316361000076], [89.42560669900007, 22.327084685000045], [89.42269784000007, 22.346638487000064], [89.44875573200005, 22.323128840000038], [89.47890051600007, 22.272539334000044], [89.46219378200004, 22.25297947200005], [89.41476061700007, 22.238201073000027]]], [[[89.85587401700008, 21.809690019000072], [89.84771020400007, 21.80748327400005], [89.84128229800007, 21.810011211000074], [89.83729781900007, 21.82482839200003], [89.84021081900005, 21.829851204000022], [89.85587401700008, 21.809690019000072]]], [[[89.86329528800007, 21.85253348300006], [89.86080289500006, 21.835033252000073], [89.85304751300004, 21.857783478000044], [89.86329528800007, 21.85253348300006]]], [[[89.72720194800007, 21.92855518500005], [89.71129493700005, 21.901563813000053], [89.72891550200006, 21.889402594000046], [89.74086787800007, 21.865947955000024], [89.74175962200007, 21.839988874000028], [89.70817896600005, 21.834195830000056], [89.70063517400007, 21.842118765000066], [89.70831241300004, 21.84414048800005], [89.70929515400007, 21.84734108300006], [89.69050879200006, 21.854628688000048], [89.69880435300007, 21.857704842000032], [89.69607511600003, 21.864112783000053], [89.70245814300006, 21.86314670200005], [89.70538595800008, 21.88156580900005], [89.71241445400005, 21.88204238700007], [89.71238431300009, 21.88802442900004], [89.70355484800007, 21.881462013000032], [89.70130167900004, 21.86409692600006], [89.69451502400005, 21.86496537100004], [89.69742032700003, 21.857285864000062], [89.68828067400005, 21.854784292000033], [89.70630524200004, 21.845479431000058], [89.68193364200005, 21.846721115000037], [89.67076348900008, 21.838189345000046], [89.66925628800004, 21.87012257200007], [89.65848663200006, 21.886689941000043], [89.67844874400004, 21.90494512400005], [89.69312225900006, 21.942789583000035], [89.68647916300006, 21.99264088800004], [89.69616663300008, 22.005280671000037], [89.70472636300008, 22.006252277000044], [89.70376844200007, 21.986123519000046], [89.71162806600006, 21.977818927000044], [89.72165074700007, 21.976927685000078], [89.71090109900007, 21.957116559000042], [89.72720194800007, 21.92855518500005]]], [[[89.77611905300006, 22.088785174000066], [89.81970490600008, 22.054013740000073], [89.80503856000007, 22.055191466000053], [89.79875483500007, 22.05357317100004], [89.79618747100005, 22.051660035000054], [89.79777016700007, 22.04210626400004], [89.79973304400005, 22.05274234500007], [89.82059852800006, 22.052679866000062], [89.82598236200005, 22.03695311100006], [89.83992275400004, 22.021094967000067], [89.83609984900005, 22.001442048000058], [89.80778464700006, 21.994383508000055], [89.80356382300005, 21.988258968000025], [89.84304493600007, 21.95607854800005], [89.81362297800007, 21.939840736000065], [89.80843014400006, 21.93338061700007], [89.80760579200006, 21.917650541000057], [89.84498513600005, 21.891920992000053], [89.83647289600003, 21.876948678000076], [89.83586301600008, 21.850270656000077], [89.78794059300003, 21.84204065800003], [89.77850555200007, 21.833374638000066], [89.77045747100004, 21.838909578000028], [89.78792645500005, 21.87538453700006], [89.79485828300005, 21.871755135000058], [89.80811372700003, 21.877254349000054], [89.81317572700004, 21.888778331000026], [89.81167818800003, 21.890921529000025], [89.80765328200005, 21.88993209000006], [89.80779975000007, 21.878151810000077], [89.78774241000008, 21.87752101600006], [89.78305063100004, 21.869410462000076], [89.78675586700007, 21.89835805000007], [89.77900960100004, 21.905136568000046], [89.78812315300007, 21.909116763000043], [89.78121387900006, 21.92085028100007], [89.77189146000006, 21.909932749000063], [89.77555165500007, 21.927607650000027], [89.77342503200003, 21.935620464000067], [89.77069126600009, 21.908573053000055], [89.78117945800005, 21.91902071100003], [89.78569026000008, 21.90873105000003], [89.77560372800008, 21.904605971000024], [89.78460338100007, 21.898928953000052], [89.78361643100004, 21.886950729000034], [89.75649341700006, 21.885474362000025], [89.74808800400007, 21.893713228000024], [89.75460884700004, 21.88473721300005], [89.78377846300003, 21.885421249000046], [89.78002287800007, 21.86249232700004], [89.77009825200008, 21.852119595000033], [89.74889516300004, 21.85565908800004], [89.73418103700004, 21.89187510900007], [89.71630283300004, 21.904801285000076], [89.73182306100006, 21.920078395000075], [89.72652129300008, 21.93954130900005], [89.73206016100005, 21.94826800900006], [89.75277789300009, 21.94673410300004], [89.76250153000007, 21.948786605000066], [89.77037192300008, 21.95317959600004], [89.77018173400006, 21.956268331000047], [89.76541714900009, 21.96134442600004], [89.76734043200008, 21.951966381000034], [89.73365941500003, 21.950159976000066], [89.72496038300005, 21.94111157900005], [89.71514215000008, 21.96035271200003], [89.74848383400007, 21.973363361000054], [89.74731365700006, 21.982923001000074], [89.73735509600004, 21.99060455600005], [89.75213291700004, 21.997177343000033], [89.75280242500008, 22.00600429600007], [89.74299864300008, 22.01593656500006], [89.75834268200003, 22.02528526800006], [89.76050034000008, 22.03057845400008], [89.75619197700007, 22.036720674000037], [89.74573241400003, 22.035987655000042], [89.74203708500005, 22.051997277000055], [89.75029007200004, 22.05420941600005], [89.75286050200003, 22.06535259700007], [89.77023802700006, 22.076846955000065], [89.77611905300006, 22.088785174000066]]], [[[89.84167285700005, 21.89956122700005], [89.80895602700008, 21.923670069000025], [89.81562501100007, 21.937350835000075], [89.84553081600006, 21.956218401000058], [89.80520286300003, 21.989306678000048], [89.83733251100006, 21.999715968000032], [89.84204292300007, 22.004979567000078], [89.84132915000004, 22.02443687600004], [89.82679827800007, 22.041107056000044], [89.83150554100007, 22.050099948000025], [89.84284200600007, 22.047433885000032], [89.85634902800007, 22.028084050000075], [89.86074304000005, 21.965506654000023], [89.87632068600004, 21.91015674600004], [89.86543395800004, 21.88241888500005], [89.85020440400007, 21.873226427000077], [89.84269386000005, 21.879482490000044], [89.84821628800006, 21.888571266000042], [89.84167285700005, 21.89956122700005]]], [[[89.74302861600006, 22.03540974300006], [89.75798167000005, 22.032277201000056], [89.74188117300008, 22.01771885200003], [89.74937391100008, 21.999133092000022], [89.73352271500005, 21.990837511000052], [89.74603243900003, 21.97551095500006], [89.72736155300004, 21.96912234200005], [89.72393234600008, 21.97982571700004], [89.70818264500008, 21.98644368500004], [89.70678170200006, 22.007189912000058], [89.69793395200008, 22.009086070000023], [89.70446969900007, 22.034245042000066], [89.67774365700006, 22.051749519000055], [89.71071253900004, 22.07392217200004], [89.71293933700008, 22.128374200000053], [89.72488963600006, 22.132897589000038], [89.75505277900004, 22.132779347000053], [89.77376184900004, 22.088808468000025], [89.73907525100003, 22.052088292000064], [89.74302861600006, 22.03540974300006]]], [[[89.88608040900004, 22.166753093000068], [89.89121769100007, 22.150058757000068], [89.89054189200004, 22.147260678000066], [89.88608040900004, 22.166753093000068]]], [[[90.36556917300004, 23.774932979000027], [90.38248945600003, 23.753043865000052], [90.37497277400007, 23.756925419000027], [90.35616959000004, 23.74538959100005], [90.35149464400007, 23.75807231400006], [90.32973517100004, 23.750954712000066], [90.34415995600006, 23.768590334000066], [90.35889710100008, 23.76241824500005], [90.36556917300004, 23.774932979000027]]], [[[90.34891733900008, 23.783009900000025], [90.35526372400005, 23.79986486400003], [90.35156894300007, 23.80602592200006], [90.36763446900005, 23.810468705000062], [90.37651038700005, 23.788648799000043], [90.35766123900004, 23.77656465000007], [90.35742813800005, 23.784331918000078], [90.34891733900008, 23.783009900000025]]], [[[90.33750998000005, 24.29423275000005], [90.35928419800007, 24.30013709800005], [90.36249855400007, 24.28100498300006], [90.37937771700007, 24.29053026100007], [90.40242478600004, 24.282688321000023], [90.42811660600006, 24.310199685000043], [90.42643080700003, 24.330487064000067], [90.45200425500008, 24.34006351200003], [90.48759925500008, 24.314152957000033], [90.52921777000006, 24.303139964000025], [90.52093389600003, 24.287976608000065], [90.54670281900007, 24.274134115000038], [90.52479371300007, 24.242904831000033], [90.54192860700005, 24.235479901000076], [90.54860780800004, 24.21952611000006], [90.54046312800006, 24.180229961000066], [90.55326486300004, 24.159756195000057], [90.54088181300006, 24.133972130000075], [90.51658542600006, 24.128742080000052], [90.52195622800008, 24.110359566000056], [90.51477766400006, 24.100133172000028], [90.52221630300005, 24.090624341000023], [90.49782380100004, 24.07507068700005], [90.49838900700007, 24.03196781200006], [90.48781888100007, 24.01378857800006], [90.45997056600004, 24.018875669000067], [90.44494191500007, 24.03351034700006], [90.44524357000006, 24.05932215200005], [90.41969225600008, 24.066126671000063], [90.42176297700007, 24.092657864000046], [90.43849648100007, 24.085877938000067], [90.44906963800008, 24.08981007700004], [90.44633129700009, 24.103251597000053], [90.46079292800005, 24.103598187000046], [90.45286317900008, 24.119243933000064], [90.45654126400007, 24.130714944000033], [90.46700321200007, 24.132836878000035], [90.45705422600008, 24.142300912000053], [90.46332328600005, 24.152882747000035], [90.45414080100005, 24.169437748000064], [90.43114837100006, 24.18085936800003], [90.41503260800005, 24.17821311800003], [90.39780353500004, 24.15185731200006], [90.38758529700004, 24.16175054100006], [90.34833400900004, 24.161995365000053], [90.32935992800003, 24.187336860000073], [90.31464209100005, 24.23252523900004], [90.29927472400004, 24.247951260000036], [90.30076449300003, 24.269610382000053], [90.29049776800008, 24.27777491200004], [90.32535751300009, 24.299189554000066], [90.33750998000005, 24.29423275000005]]]]}}, {"type": "Feature", "properties": {"division": "Rajshahi"}, "geometry": {"type": "Polygon", "coordinates": [[[88.84371990900007, 24.12587918400004], [88.81734638600005, 24.12112676600003], [88.78732674800005, 24.13301191200003], [88.73342434600005, 24.193875496000032], [88.73813372500007, 24.26562553900004], [88.72474047200006, 24.297877975000063], [88.70457039000007, 24.312783194000076], [88.65889867100003, 24.314517649000038], [88.65254804200003, 24.30518737400007], [88.64889364000004, 24.31106042500005], [88.62850371100006, 24.305189538000036], [88.62366896000003, 24.315603201000044], [88.58804442000007, 24.31197748200003], [88.58708759400008, 24.32420206200004], [88.56758096300007, 24.326709357000027], [88.55505209000006, 24.293409159000078], [88.52710991700008, 24.34446661800007], [88.50786110700005, 24.342556237000053], [88.44632884500004, 24.378668444000027], [88.43033953700007, 24.38377338500004], [88.38938772200004, 24.37191441600004], [88.35702447000006, 24.373660742000027], [88.32827026200005, 24.38497740400004], [88.26330356700004, 24.445992595000064], [88.19838854100004, 24.462580857000034], [88.17342682300006, 24.493143842000052], [88.14951420400007, 24.503884595000045], [88.10559208200004, 24.546313731000055], [88.04115131000003, 24.643425767000053], [88.00862798600008, 24.667883810000035], [88.06283936300008, 24.721642237000026], [88.07245074400004, 24.74375705700004], [88.06570857800006, 24.75081490100007], [88.07450642700007, 24.760866658000054], [88.06828787700005, 24.769268150000073], [88.07783154900005, 24.76920818700006], [88.08898044700004, 24.78301950900004], [88.10607689500006, 24.77966215600003], [88.11229538800006, 24.81415276300004], [88.12353621200003, 24.823165533000065], [88.13625386200005, 24.805399574000035], [88.13188740800007, 24.836113046000037], [88.14089144300004, 24.834476876000053], [88.14490550700003, 24.85119965900003], [88.16042153900008, 24.848580646000073], [88.16216318000005, 24.858064425000066], [88.17498405300006, 24.86025034200003], [88.15263050800007, 24.884531503000062], [88.16897487000006, 24.89307503300006], [88.14030664200004, 24.914156509000065], [88.13800382400007, 24.93625756600005], [88.15746437300004, 24.93358495700005], [88.17015018700005, 24.950490005000063], [88.17544373200008, 24.94633746200003], [88.18354085300007, 24.95564935400006], [88.22484576200009, 24.960108036000065], [88.26243440900004, 24.921035970000048], [88.25902848400005, 24.878141218000053], [88.26716607100008, 24.878448727000034], [88.27619167300008, 24.89808398200006], [88.27807023600008, 24.88815221300007], [88.30198111600004, 24.885937564000074], [88.30319799400007, 24.871844690000046], [88.32058960300003, 24.883600211000044], [88.32132353700007, 24.875636539000027], [88.33295079300007, 24.870912677000035], [88.34681043000006, 24.892513619000056], [88.34388657900007, 24.899671331000036], [88.33272151700004, 24.897276558000044], [88.32471852400005, 24.918459469000027], [88.33653609900006, 24.918591802000037], [88.33975344900006, 24.939668684000026], [88.35472560100004, 24.94231919200007], [88.35872852200004, 24.953428555000073], [88.37115932200004, 24.942270447000055], [88.39501987600005, 24.94170764000006], [88.40179783900004, 24.95085830900007], [88.39498217000005, 24.968864109000037], [88.40620802700005, 24.97282180900004], [88.40507453400005, 24.97982723000007], [88.41665432500008, 24.973890367000024], [88.41237510300004, 24.99904364400004], [88.42046397500008, 24.999673002000065], [88.42549068500006, 25.01655197200006], [88.42755543800007, 25.00769936200004], [88.43658703400007, 25.006570515000078], [88.43880081200007, 25.022655158000077], [88.45262173700007, 25.037062502000026], [88.43777218900004, 25.043177055000058], [88.43490678100005, 25.056067834000032], [88.45285669000003, 25.07942144900005], [88.44653117000007, 25.081541750000042], [88.44135006100004, 25.127643496000076], [88.46034460600004, 25.13862632400003], [88.45922429000007, 25.160965013000066], [88.44225915700008, 25.17528874900006], [88.44314804000004, 25.19512534100005], [88.44041516200008, 25.200174267000023], [88.43773788900006, 25.197521807000044], [88.43540140400006, 25.199836204000064], [88.43879588600004, 25.209579661000078], [88.44159792100004, 25.210373348000076], [88.43735611200003, 25.19859490500005], [88.44049069900007, 25.200809891000063], [88.46337065900008, 25.195024302000036], [88.47198642200004, 25.19763032900005], [88.47543225000004, 25.21348273800004], [88.49909937500007, 25.21049384300005], [88.50059646900007, 25.20340783900008], [88.53771929400006, 25.19792236400008], [88.53392272600007, 25.188080427000045], [88.55756866600007, 25.19271677100005], [88.55556200900008, 25.17906557300006], [88.56480780500004, 25.17461496800007], [88.57957488800008, 25.176907404000076], [88.59113367700007, 25.18519439800008], [88.59088556100005, 25.194602298000063], [88.59772220300005, 25.191000131000067], [88.61299498600005, 25.204291974000057], [88.64281649700007, 25.20642788400005], [88.66935196700007, 25.19834118700004], [88.67999565200006, 25.209020483000074], [88.70448215700009, 25.208287520000056], [88.73333643900008, 25.20001737000007], [88.73453353800005, 25.18469882100004], [88.75084508600008, 25.18291056000004], [88.74871181300006, 25.17708483800004], [88.76931884900006, 25.189913218000072], [88.77360850400004, 25.179465253000046], [88.80584010400008, 25.170549236000056], [88.84370693500006, 25.213918813000078], [88.85155385800005, 25.20063651600003], [88.86487738300008, 25.200702310000054], [88.86407381600009, 25.190238845000067], [88.87486796600007, 25.196328083000026], [88.87582266600003, 25.17897222600004], [88.88981656600004, 25.178469329000052], [88.88936558100005, 25.184757408000053], [88.91092701600007, 25.180413421000026], [88.91233034600003, 25.16806454400006], [88.92302151900003, 25.165007159000027], [88.91957074100009, 25.146295015000078], [88.92877092700007, 25.140317965000065], [88.92108904700007, 25.131851932000075], [88.94031268600008, 25.114161442000068], [88.93106333100008, 25.07213753900004], [88.94459118300006, 25.05753390600006], [88.94084119100006, 25.041481589000057], [88.95335298200007, 25.028871612000046], [88.95353310100006, 25.055641036000054], [88.98223868300005, 25.055652593000048], [88.99676089400003, 25.04560427200005], [89.00164882900003, 25.051483705000066], [89.01652901700004, 25.047290789000044], [89.03832025000008, 25.02185118500006], [89.03592463600006, 25.029857966000066], [89.04566162100008, 25.038073488000066], [89.07175520400006, 25.037630367000077], [89.09591722000005, 25.077621890000046], [89.11514526300004, 25.083406585000034], [89.13049144700005, 25.113286809000044], [89.17060875500005, 25.125716166000075], [89.12932559600006, 25.145970345000023], [89.12563806700007, 25.13709722300007], [89.11433240400004, 25.141184012000053], [89.09974929600008, 25.126842374000034], [89.09062665700009, 25.130519571000036], [89.09539707400006, 25.143267906000062], [89.08393212300007, 25.143777082000042], [89.08309043000008, 25.15020648600006], [89.04336699700008, 25.14551295700005], [89.02720273400007, 25.155558692000056], [89.01541934700003, 25.14169068500007], [89.01586805700003, 25.125855922000028], [88.98951407000004, 25.131193722000035], [88.98728867700004, 25.157870884000033], [88.97173757200005, 25.168468811000025], [88.97668526400008, 25.184946205000074], [88.96840208100008, 25.182061729000054], [88.96113668300006, 25.19819883100007], [88.93884314700006, 25.20626907600007], [88.96170757800007, 25.209164675000068], [88.95164057500006, 25.232291055000076], [88.95624606500007, 25.25515602200005], [88.98222257200007, 25.264992138000025], [88.98676012600004, 25.27456720300006], [89.00758797900005, 25.263744915000075], [89.02759681300006, 25.277586255000074], [89.05967960300006, 25.260898946000054], [89.07038632700005, 25.26976148400007], [89.09676577100004, 25.240624742000023], [89.11765981200006, 25.24187584200007], [89.12291505300004, 25.25300297700005], [89.12976215200007, 25.24433442800006], [89.14023057800006, 25.246726657000067], [89.13882607300008, 25.254978291000043], [89.15081468200003, 25.25637403500008], [89.17471339200006, 25.234540039000024], [89.19561256800006, 25.23996568000007], [89.20385143100003, 25.224495088000026], [89.18407982900004, 25.18437218400004], [89.21672796000007, 25.164606647000028], [89.22325992500004, 25.154406189000042], [89.21685053200008, 25.145019157000036], [89.23271964000008, 25.14237048600006], [89.25162839800004, 25.097285252000063], [89.28009092800005, 25.087631309000074], [89.29735830800007, 25.116976054000077], [89.33210655800008, 25.12292078200005], [89.34004868400007, 25.109971992000055], [89.33128268700005, 25.099892340000054], [89.34497282700005, 25.100955833000057], [89.35974142900005, 25.089047322000056], [89.36011271500007, 25.06644675900003], [89.38080592600005, 25.06029707500005], [89.38873042400007, 25.04715909600003], [89.39136207000007, 25.066487275000043], [89.40333202000005, 25.067603748000067], [89.39894916300005, 25.078799445000072], [89.41319998400007, 25.083134229000052], [89.42580286700007, 25.065146798000058], [89.42958366900007, 25.073276667000073], [89.44127573600008, 25.06887572100004], [89.45250230100004, 25.07574822600003], [89.45660777500007, 25.037162143000046], [89.44086141200006, 25.02482967800006], [89.45011417900008, 25.002723864000075], [89.43940387200007, 24.99076424100008], [89.44936034700004, 24.972220871000047], [89.46015385800007, 24.971793613000045], [89.45621541000008, 24.95952485600003], [89.46527185900004, 24.946087959000067], [89.47606115800005, 24.946987054000033], [89.49280503400007, 24.932621909000034], [89.49679443900004, 24.942951106000066], [89.50674153900007, 24.941035922000026], [89.52259993900003, 24.91590505700003], [89.54880686900003, 24.961147014000062], [89.56207513300006, 24.964414651000027], [89.56684651500007, 24.955044221000037], [89.58371013900006, 24.964815931000032], [89.58093453000004, 25.004407505000074], [89.58968655200005, 25.007158704000062], [89.58712798500005, 25.018411585000024], [89.59836554200007, 25.01629693600006], [89.60071149200007, 25.028896977000045], [89.58814720900006, 25.028647083000067], [89.59080431100006, 25.044972819000066], [89.61042536200006, 25.050859572000036], [89.64025745800006, 25.038859244000037], [89.64783476100007, 25.046738883000046], [89.66133919300006, 24.987353364000057], [89.67650626300008, 24.96577286200005], [89.67235785100007, 24.92849569300006], [89.68605979600005, 24.90284840700008], [89.66079207600006, 24.88807225900007], [89.66848755300003, 24.864986008000074], [89.68494606500008, 24.828413413000078], [89.73031622900004, 24.798383788000024], [89.71533559800008, 24.77734630300006], [89.73285943000008, 24.770136556000068], [89.73488443500008, 24.761097480000046], [89.74136161100006, 24.77456613100003], [89.75800173300007, 24.767177480000043], [89.77166474000006, 24.772919192000074], [89.78001519400004, 24.765232986000058], [89.77714453700008, 24.743082577000052], [89.79092135700006, 24.735173386000042], [89.78337183300005, 24.72395971900005], [89.77240825200005, 24.723993720000067], [89.77371450100009, 24.716408708000074], [89.79248603600007, 24.703255538000064], [89.79013690200009, 24.686417001000052], [89.79916383000005, 24.67998028200003], [89.78327505300007, 24.669170613000063], [89.78502642500007, 24.62580588800006], [89.76552056200006, 24.62312993300003], [89.78906852000006, 24.572289169000044], [89.76999532400004, 24.561425550000024], [89.76992513800008, 24.540015330000074], [89.74628402500008, 24.537309683000046], [89.74756664700004, 24.520319302000075], [89.73417091700009, 24.518364648000045], [89.75815605000008, 24.499551874000076], [89.74740952000008, 24.483011876000035], [89.75767706600004, 24.483435687000053], [89.74257091000004, 24.47120487600006], [89.74314224800008, 24.455282305000026], [89.75516947000006, 24.455340080000042], [89.74657818600008, 24.430542161000062], [89.76599230600004, 24.375834874000077], [89.75135694000005, 24.35251046600007], [89.77169372400004, 24.32990508900008], [89.77421413400003, 24.301509613000064], [89.79007348100004, 24.276575304000062], [89.78304265000008, 24.236726907000048], [89.79814120200007, 24.172127078000074], [89.77997927400008, 24.16647438600006], [89.78770838400004, 24.15794941200005], [89.80256746500004, 24.16009812300007], [89.82060090300007, 24.13997981600005], [89.81684154100003, 24.109404797000025], [89.82498098800005, 24.084888473000035], [89.81894683700006, 24.06598712500005], [89.78520477000006, 24.035247347000052], [89.72157552200008, 24.01352505400007], [89.69323545900005, 23.986741066000036], [89.69276928600004, 23.942733559000033], [89.68392945000005, 23.939362369000037], [89.70231088300005, 23.89552487900005], [89.69695822200003, 23.866609003000065], [89.70383132300003, 23.877096608000045], [89.73274126100006, 23.83536815800005], [89.67990741000006, 23.81139974200005], [89.58367068900003, 23.814433548000068], [89.57211992000003, 23.808068521000052], [89.51415845600008, 23.818918045000032], [89.46257429700006, 23.842679092000026], [89.38522362200007, 23.90780982800004], [89.36459926900005, 23.91070432500004], [89.36513619700008, 23.894746819000034], [89.35694917700005, 23.897992032000047], [89.35433801700003, 23.88343771600006], [89.34714832900005, 23.88922010400006], [89.31115529800007, 23.875014941000074], [89.27907353200004, 23.906051606000062], [89.27098925500007, 23.87650878900007], [89.26490632900004, 23.877987639000025], [89.25861580400004, 23.884741622000035], [89.26247844200003, 23.90970932500005], [89.25132882000008, 23.933750948000068], [89.23651402600007, 23.94396142200003], [89.23700408400003, 23.972887293000042], [89.21651407000007, 23.971539918000076], [89.21641974100004, 23.988403530000028], [89.17765569200003, 23.98739226200007], [89.17869377800008, 23.960825801000055], [89.16351631500004, 23.949777031000053], [89.12803158800006, 23.961998249000033], [89.09861504200006, 23.95986395600005], [89.09604647400005, 23.97277934400006], [89.07115755800004, 23.97880606500007], [89.04813192000006, 24.01962289900007], [89.02649421700005, 24.091739447000066], [89.00667774600004, 24.118116670000063], [88.93970916300003, 24.132092139000065], [88.92031422600007, 24.118389765000074], [88.92246948200005, 24.12910406700007], [88.91061417300006, 24.12564852400004], [88.91166695800007, 24.113047446000053], [88.87404151500004, 24.099114172000043], [88.88319210800006, 24.106641551000052], [88.88112668000008, 24.11522741300007], [88.86206719700004, 24.107058608000045], [88.84371990900007, 24.12587918400004]], [[88.87674729900004, 25.005187646000024], [88.85827646100006, 25.009908523000036], [88.84354155900007, 25.001298027000075], [88.80662088700007, 25.003444461000072], [88.80134533800003, 25.011711217000027], [88.76758977300005, 25.013886867000053], [88.76357750300008, 24.996486435000065], [88.75492120300004, 24.995010668000077], [88.73545243200005, 24.998417717000052], [88.72860495700007, 25.010385807000034], [88.71809940600008, 25.004566272000034], [88.71268453600004, 25.013099388000057], [88.71144804500005, 24.995646720000025], [88.68551358000008, 24.99851416000007], [88.68117977000009, 24.98388618100006], [88.64308933100006, 24.996717266000076], [88.63933961600009, 24.973672942000064], [88.64496812900006, 24.96536121500003], [88.63525518500006, 24.959395395000058], [88.63911274000003, 24.941127753000046], [88.65115260600004, 24.93921460300004], [88.64929016700006, 24.93146556000005], [88.66303215600004, 24.91865391600004], [88.66159498000007, 24.894754142000068], [88.64676627200004, 24.87520829500005], [88.66897431400008, 24.863202570000055], [88.67739952400007, 24.874783593000075], [88.72077198100004, 24.86524393800005], [88.71761787300005, 24.853448153000045], [88.72440871100008, 24.849989719000064], [88.70571730600005, 24.837804582000047], [88.70599938500004, 24.822596775000022], [88.72636622500005, 24.807349653000074], [88.73222063700007, 24.828499540000053], [88.73343806700007, 24.820314061000033], [88.75012286600008, 24.81845882700003], [88.76180763500008, 24.844009330000063], [88.78810586300006, 24.838142068000025], [88.81133485100008, 24.86454632600004], [88.81718659500007, 24.861878122000064], [88.81178620500003, 24.83413660100007], [88.83462540700003, 24.828468826000062], [88.83961625400008, 24.817904533000046], [88.834359, 24.813950198000043], [88.85550762000008, 24.812158487000033], [88.87300563000008, 24.827898435000066], [88.88146086900008, 24.86054414000006], [88.86364271900004, 24.86952221100006], [88.88079738900007, 24.884210705000044], [88.86206118400008, 24.886675925000077], [88.86185663600008, 24.908781817000033], [88.86819467400005, 24.91140137700006], [88.86147111200006, 24.916264272000035], [88.86677459600008, 24.92374097100003], [88.85547287100007, 24.931496132000063], [88.86458693000003, 24.942905375000066], [88.85383409100007, 24.96357805100007], [88.86265511900007, 24.97789115000006], [88.85243536100006, 24.979846719000022], [88.86410469300006, 24.984387479000077], [88.87674729900004, 25.005187646000024]], [[89.09986068100005, 24.639196749000064], [89.09518451900004, 24.594227035000074], [89.10484318300007, 24.576868606000062], [89.09827141800008, 24.54164817800006], [89.08463513200007, 24.544554136000045], [89.07944061200004, 24.533443225000042], [89.06347099000004, 24.53451441900006], [89.05894448800007, 24.52786601100007], [89.06731862600003, 24.523789746000034], [89.05705518000008, 24.519165328000042], [89.05673794000006, 24.493810077000035], [89.03990556400004, 24.46770727200004], [89.06432478700003, 24.447956059000035], [89.05207392500006, 24.439651940000033], [89.05603206400008, 24.429975670000033], [89.07024086500007, 24.44170807000006], [89.07647788000008, 24.435755863000054], [89.07609598100004, 24.40772838600003], [89.08657556400004, 24.42157118700004], [89.09111436600006, 24.41252167700003], [89.10709924000008, 24.408469249000063], [89.10080697800004, 24.40786417700008], [89.10202932000004, 24.395395463000057], [89.09022676100005, 24.39130730200003], [89.09412964400008, 24.382221645000072], [89.07752494500005, 24.37421752800003], [89.08267245200005, 24.368905151000035], [89.06765266200006, 24.356132667000054], [89.09879970300005, 24.353399375000038], [89.08094707900005, 24.344887036000046], [89.09412651800005, 24.333799785000053], [89.11375416400006, 24.344691084000033], [89.15583838500004, 24.335035618000063], [89.16375730300007, 24.338104392000048], [89.16360483400007, 24.353063356000064], [89.19049091200009, 24.35313756000005], [89.19759677700006, 24.341229088000034], [89.23440254600007, 24.326813767000033], [89.23375758300006, 24.316001003000054], [89.24437653300004, 24.305038083000056], [89.26551782400009, 24.305794314000025], [89.27603607800006, 24.32881870800003], [89.28644588700007, 24.323690127000077], [89.28727062700005, 24.330757206000044], [89.31035700400008, 24.335462047000078], [89.31966803000006, 24.350845264000043], [89.30014627800006, 24.367124888000035], [89.29325736100003, 24.364829417000067], [89.28336215400003, 24.379123219000064], [89.28513372600008, 24.42050452700005], [89.26755118400007, 24.42781489300006], [89.25271347500006, 24.423805807000065], [89.24841565900005, 24.43305688600003], [89.27543798300007, 24.448681445000034], [89.28390654600008, 24.46215931000006], [89.28323346900004, 24.48491677000004], [89.30562735300003, 24.499525136000045], [89.30461126300008, 24.507451091000064], [89.33774690800004, 24.54425039800003], [89.34152997700005, 24.558608125000035], [89.32736674300008, 24.575339244000077], [89.32928110600005, 24.597358083000074], [89.30793959500005, 24.598236860000043], [89.30710000900007, 24.613816344000043], [89.29717731400007, 24.614380494000045], [89.30041212300006, 24.619188305000023], [89.29198656200003, 24.624585653000054], [89.25916114200004, 24.629532975000075], [89.24829070800007, 24.619571346000043], [89.25412025300005, 24.605376333000038], [89.23637915300009, 24.59527524200007], [89.23793783600007, 24.58411952800003], [89.22491723300004, 24.580034794000028], [89.21329771000006, 24.59941004500007], [89.21607188400003, 24.613060891000032], [89.20545580400005, 24.60421290100004], [89.19585665500006, 24.61396738600007], [89.21009991000005, 24.63463702300004], [89.20073805700008, 24.643415945000072], [89.19191605700007, 24.641280364000067], [89.18859195600004, 24.65157642400004], [89.17339631200008, 24.64636064000007], [89.17179389000006, 24.621696662000033], [89.14901663000006, 24.617204757000025], [89.15373900600008, 24.621655444000055], [89.14281507700008, 24.629763784000033], [89.13644036700003, 24.655999962000067], [89.14552759100008, 24.65873239700005], [89.14460352500004, 24.67111133900005], [89.16682869600004, 24.671718286000043], [89.15682761600004, 24.687466008000058], [89.14279250600003, 24.678468532000068], [89.13795557100008, 24.68401289700006], [89.13557075600005, 24.654880210000044], [89.12150023500004, 24.653841345000046], [89.11495973700005, 24.638563352000062], [89.09986068100005, 24.639196749000064]], [[88.81407630300004, 24.674585566000076], [88.79495125000005, 24.68621384200003], [88.76805240500005, 24.667539517000023], [88.74266559700004, 24.683464881000077], [88.73534555900005, 24.663774751000062], [88.70142465500004, 24.661916401000042], [88.70328131900004, 24.64671508600003], [88.69518065500006, 24.639835754000046], [88.70606342100007, 24.62844353500003], [88.68048507500004, 24.633307453000043], [88.67379802600004, 24.604763380000065], [88.69130884400005, 24.59801824300007], [88.70082998700008, 24.580850346000034], [88.69635736900005, 24.56870058900006], [88.71207239000006, 24.56449110500006], [88.70525184800005, 24.54402387300007], [88.71571050100005, 24.522132615000032], [88.72942511800005, 24.515580441000054], [88.72902065100004, 24.501762385000063], [88.74623451700006, 24.505460894000066], [88.74847234000003, 24.52921454400007], [88.78366954500007, 24.528335296000023], [88.79279300400003, 24.519809373000044], [88.81685404300003, 24.52518966300005], [88.84956393200008, 24.510160148000068], [88.86699722800006, 24.519268989000068], [88.88064279400004, 24.513517869000054], [88.88758179100006, 24.530611647000057], [88.89854841500005, 24.525099907000026], [88.89656532400005, 24.534866713000042], [88.92115402000007, 24.544543736000037], [88.94048348100006, 24.53588095200007], [88.96162977500006, 24.548513024000044], [88.96329111800009, 24.583600881000052], [88.95290291000003, 24.578747269000075], [88.94121856000004, 24.591541602000063], [88.93371563000005, 24.588365183000064], [88.90949501300008, 24.643290513000068], [88.88993876400008, 24.637755611000046], [88.87870678200005, 24.64256847100006], [88.87934224600008, 24.635747305000052], [88.85464132700008, 24.658431247000067], [88.82206376300007, 24.65303266600006], [88.81079569500008, 24.658219876000032], [88.81407630300004, 24.674585566000076]], [[88.65316210400005, 24.392895149000026], [88.61867056000006, 24.38990253700007], [88.62736838700005, 24.411192578000055], [88.59198697600004, 24.415725417000033], [88.59317061500008, 24.39356950000007], [88.57100143900004, 24.38259191000003], [88.56893220600006, 24.395616207000046], [88.55550671300006, 24.397256645000027], [88.54277862500004, 24.382386960000076], [88.55495315100006, 24.375774711000076], [88.54921102900005, 24.361911211000063], [88.58926942900007, 24.363320748000035], [88.65024786000004, 24.350182588000052], [88.66861060100007, 24.372027455000023], [88.65316210400005, 24.392895149000026]], [[89.27711860900007, 24.69300740600005], [89.31047537200004, 24.696246760000065], [89.32092599800006, 24.68552817500006], [89.32350565700006, 24.696377734000066], [89.33579074700003, 24.690998114000024], [89.36349456900007, 24.702780751000034], [89.38062252400005, 24.692901747000064], [89.39213140500004, 24.710382380000055], [89.40186323200004, 24.705900249000024], [89.39790835100007, 24.71665017400005], [89.42304847200006, 24.72525636200004], [89.45728976400005, 24.716342783000073], [89.46213579700003, 24.723427748000063], [89.49304080000007, 24.728473804000032], [89.49173187200006, 24.73942258900007], [89.47546069300006, 24.741829809000023], [89.45395231100008, 24.762963332000027], [89.45420074000003, 24.801430208000056], [89.43380618200007, 24.838389257000074], [89.40851167900007, 24.824089402000027], [89.39376257800006, 24.834594396000057], [89.34452739900007, 24.821555278000062], [89.30689827900005, 24.82122305300004], [89.32037249800004, 24.802730187000066], [89.31294878100005, 24.789265511000053], [89.31488389200007, 24.765751415000068], [89.27929065500007, 24.749744032000024], [89.27711860900007, 24.69300740600005]], [[89.43366015400005, 24.42475538900004], [89.48070485100004, 24.417789153000058], [89.48306832800006, 24.42840826300005], [89.50920090900007, 24.437036379000062], [89.51445336000006, 24.434099419000063], [89.50542853100006, 24.408927233000043], [89.51376583400008, 24.41135157900004], [89.51579715500009, 24.422955296000055], [89.52783975500006, 24.418554284000038], [89.52931980900007, 24.43055462600006], [89.55199860900007, 24.438125399000057], [89.57595047100006, 24.418290849000073], [89.57894032600007, 24.423248568000076], [89.59807974600005, 24.41719121400007], [89.60798275200005, 24.42414112800003], [89.59835918500005, 24.43544221700006], [89.60773185100004, 24.441277580000076], [89.59332825400008, 24.44524678700003], [89.59661465000005, 24.451699692000034], [89.60997682400006, 24.442804098000067], [89.62024352700007, 24.44553183000005], [89.62332748200004, 24.464124508000054], [89.61206090300004, 24.479065998000067], [89.62217738200007, 24.484247019000065], [89.59870737100005, 24.517781866000064], [89.60365860000007, 24.545981969000024], [89.61708144500005, 24.54810859300005], [89.61718110000004, 24.55441514200004], [89.60178496100008, 24.56242688800006], [89.57578811800005, 24.54750189600003], [89.55580162400008, 24.555445708000036], [89.54650034100007, 24.547585428000048], [89.53054518200008, 24.56339365200006], [89.53224515400007, 24.54702877400007], [89.51996301800006, 24.53633299100005], [89.52226718600008, 24.55155501200005], [89.50848384900007, 24.556764205000036], [89.48570525300005, 24.556882949000055], [89.47284505100004, 24.55167930400006], [89.47324481800007, 24.543805270000064], [89.46001269000004, 24.542385121000052], [89.43110466300004, 24.550809574000027], [89.42493597400005, 24.560938029000056], [89.39362737100004, 24.551825719000078], [89.38945056000006, 24.541069992000075], [89.39990497300005, 24.54024324900007], [89.40088540100004, 24.526808422000045], [89.42587869900007, 24.49872859800007], [89.41138699100009, 24.479947752000044], [89.44085020300008, 24.470878569000035], [89.45456199300008, 24.478919888000064], [89.45428603300007, 24.468466026000044], [89.43979684400006, 24.459023615000035], [89.43366015400005, 24.42475538900004]]]}}, {"type": "Feature", "properties": {"division": "Rangpur"}, "geometry": {"type": "MultiPolygon", "coordinates": [[[[88.98527748800007, 25.306009475000053], [88.92943667900005, 25.304212371000062], [88.92776458900005, 25.317293774000063], [88.91505440200007, 25.312598989000037], [88.90638899800007, 25.33792866400006], [88.88762402200007, 25.337211207000053], [88.88380729400006, 25.326410934000023], [88.86671734900006, 25.342814229000055], [88.86887836100004, 25.35230798500004], [88.83778792500004, 25.368139444000064], [88.84116752200003, 25.394032527000036], [88.86917374400008, 25.387453497000024], [88.87763721800007, 25.390903283000057], [88.87713005800003, 25.40086129200006], [88.93044939600009, 25.408968999000024], [88.94139945000006, 25.394743530000028], [88.96621775200003, 25.40509941600004], [88.97900772600008, 25.421382511000047], [88.97436450000004, 25.433032383000068], [88.98172146200005, 25.433560443000033], [88.98954748100005, 25.451101682000058], [88.98599465200004, 25.461942751000038], [88.97079422400003, 25.468858659000034], [88.99053188600004, 25.501128434000066], [88.96024230700004, 25.517124343000035], [88.95572805900008, 25.550086831000044], [88.94732739200003, 25.55572317900004], [88.93566097800004, 25.557120231000056], [88.93790293600006, 25.539358536000066], [88.93199764600007, 25.53804807800003], [88.92930896300004, 25.55067934300007], [88.90163782200005, 25.563206454000067], [88.89056962100005, 25.55151003000003], [88.90430211500006, 25.543998226000042], [88.88904702000008, 25.538789571000052], [88.89270895600004, 25.520767998000053], [88.87036237300003, 25.52048796200006], [88.86297308800005, 25.51055603100008], [88.82208980900003, 25.535998927000037], [88.78261971800003, 25.51520584000008], [88.76162467800003, 25.52595864600005], [88.75913282200008, 25.509706528000038], [88.77078239200006, 25.50522618100007], [88.76477508800008, 25.494955599000036], [88.74002545700006, 25.48941595900004], [88.74213170700006, 25.505120125000076], [88.71381471100005, 25.495670562000043], [88.70750736500008, 25.499945204000028], [88.71032919700008, 25.480708828000047], [88.69951242400003, 25.471310209000023], [88.66296953400007, 25.47376869900006], [88.66023355400006, 25.48183803300003], [88.64634722200003, 25.478527589000066], [88.64267701700004, 25.492795258000058], [88.64845565500008, 25.49630695600007], [88.62244116300008, 25.497024662000058], [88.60612495200007, 25.50945643700004], [88.60905883700008, 25.51643466200005], [88.59632504500007, 25.506176395000068], [88.55998357600004, 25.51255692500007], [88.55485451000004, 25.520999310000036], [88.53989683700007, 25.50838715900005], [88.53307647800005, 25.542199355000037], [88.52345332900006, 25.535293488000036], [88.51901154000006, 25.545190842000068], [88.50938941700008, 25.54415852300008], [88.49750334300006, 25.555720687000075], [88.49989552600005, 25.584054243000026], [88.46879390200007, 25.583181977000038], [88.45704857400005, 25.598978244000023], [88.44430914000003, 25.597029124000073], [88.44506041600005, 25.61384821400003], [88.45576400900006, 25.628680401000054], [88.45407609900008, 25.66425967500004], [88.40165327200003, 25.672669143000064], [88.40404787600005, 25.685100396000053], [88.39012496300006, 25.684100923000074], [88.39145302500003, 25.693589845000076], [88.37143231900006, 25.69664602100005], [88.37393183700004, 25.717307310000024], [88.33752163300005, 25.737708765000036], [88.32089129300005, 25.73757849900005], [88.31634027000007, 25.753187355000023], [88.28900619000007, 25.76789499700004], [88.29074043600008, 25.773851656000033], [88.26845996100008, 25.78079801000007], [88.26951601200005, 25.808238810000034], [88.24856756200006, 25.813486347000037], [88.24685405300005, 25.80605117400006], [88.23535827400008, 25.808544590000054], [88.23219631900008, 25.797855484000024], [88.21490793500004, 25.80091042600003], [88.20909048300007, 25.787207460000047], [88.18370135600009, 25.801783792000037], [88.17235286600004, 25.786734503000048], [88.15931329400007, 25.787594307000063], [88.14703732900006, 25.776388616000077], [88.14418185500006, 25.793728260000023], [88.11441552100007, 25.798023079000075], [88.12006787500007, 25.812577219000048], [88.10698725000003, 25.815179009000076], [88.11152995200007, 25.821731784000065], [88.10109057100004, 25.829097493000063], [88.10771270900005, 25.83876330800007], [88.10143138900008, 25.843506728000023], [88.11381686900006, 25.85457499000006], [88.10891638700008, 25.86913551600003], [88.10285632400007, 25.861834015000056], [88.09385517500004, 25.87440173500005], [88.10293199800003, 25.889312764000067], [88.09032064300004, 25.896470055000066], [88.09364096100006, 25.911176408000074], [88.08578273300003, 25.91567729800005], [88.09464162200004, 25.931501496000067], [88.11114710500004, 25.93319546200007], [88.12231612700003, 25.94846307800003], [88.11514943600008, 25.962845172000073], [88.12459799600003, 25.968003190000047], [88.11929102500005, 25.97168262300005], [88.12780471600007, 25.97671086500003], [88.12963543500007, 25.997037716000023], [88.14364373000006, 26.00047203500003], [88.13962495800007, 26.013021767000055], [88.18278918700008, 26.026728500000047], [88.17270114400009, 26.03160818200007], [88.16949265100004, 26.04533211100005], [88.17925623200006, 26.046597920000067], [88.18229257500008, 26.07207097500003], [88.16727605400007, 26.084543504000067], [88.15841274800005, 26.080786278000062], [88.16429809100003, 26.085706258000073], [88.15833051900006, 26.094962155000076], [88.16242256100008, 26.105475854000076], [88.17761579700004, 26.122262281000076], [88.17714860200005, 26.14806658200007], [88.19451056500003, 26.152033712000048], [88.19611963000006, 26.163390467000056], [88.20399681400005, 26.159180303000028], [88.21518031600004, 26.163086441000075], [88.21283129600005, 26.16919202200006], [88.22777136400003, 26.168577], [88.24176708500005, 26.189178195000068], [88.26928576100005, 26.186599387000058], [88.28557427700008, 26.20024729000005], [88.31975844100003, 26.202947754000036], [88.33115852400005, 26.217142496000065], [88.35011720400007, 26.220333783000058], [88.35922132600007, 26.242939626000066], [88.34826438200008, 26.25045377400005], [88.34943662700005, 26.281448217000047], [88.38871518000008, 26.315178544000048], [88.41495611300007, 26.315185840000026], [88.41561225300006, 26.32443910300003], [88.40458430500007, 26.32994831900004], [88.41380339500006, 26.337358623000057], [88.43554522400007, 26.335864826000034], [88.45764787400003, 26.376757293000026], [88.46315511800003, 26.357359850000023], [88.48838341300007, 26.34892800500006], [88.48831575200006, 26.36036365700005], [88.50566741300008, 26.363695837000023], [88.50381464700007, 26.349616919000027], [88.51851878200006, 26.351854540000033], [88.52244274500003, 26.362595690000035], [88.51528344700006, 26.365113846000042], [88.52478133500006, 26.374666094000077], [88.51375524600007, 26.375433803000078], [88.51909339600007, 26.390098588000058], [88.51402276400006, 26.38731752700005], [88.50482032500008, 26.39897853100007], [88.51017760000008, 26.402320944000053], [88.50473754300003, 26.418428388000052], [88.52833680200007, 26.423381109000047], [88.52133016800008, 26.427947292000056], [88.52071818700006, 26.44652417900005], [88.50419613900004, 26.445999533000077], [88.52116450900007, 26.45177041200003], [88.52237313900008, 26.462192230000028], [88.53173592800005, 26.456321573000025], [88.53303920900004, 26.465437559000065], [88.51163673900004, 26.472258686000032], [88.51359355500006, 26.483557786000063], [88.55646017600003, 26.484872892000055], [88.55841283700005, 26.458115290000023], [88.59030894500006, 26.44890940500005], [88.59395380700005, 26.47083749600006], [88.62285124800007, 26.471157379000033], [88.62372836800006, 26.434861211000054], [88.64976060100008, 26.429687037000065], [88.64440279600007, 26.418832937000047], [88.66774148400003, 26.40730691300007], [88.68568929300005, 26.412675516000036], [88.68735627800004, 26.401072921000036], [88.67029511400006, 26.397792734000063], [88.68847716600004, 26.39602928100004], [88.68737978100006, 26.386906877000058], [88.70224839400004, 26.38855344500007], [88.68103115800005, 26.380220587000053], [88.69623222400008, 26.362039974000027], [88.69404624800006, 26.34686733600006], [88.70394275600006, 26.34198569700004], [88.70271253200008, 26.334494036000024], [88.71278456000005, 26.34372862600003], [88.72608041700005, 26.341367830000024], [88.73585957900008, 26.348081050000076], [88.73319700800005, 26.35392832200006], [88.74524454100003, 26.34795635300003], [88.73382727000006, 26.32858556700006], [88.74867880100004, 26.33202312000003], [88.74645214500003, 26.322474552000074], [88.73057966600004, 26.323750166000025], [88.71918607800006, 26.31225100200004], [88.71498007800005, 26.318056743000056], [88.69320586600008, 26.314082274000043], [88.69568857400003, 26.328820637000035], [88.67507057900008, 26.320171849000076], [88.68474237900006, 26.295202750000044], [88.70938700300007, 26.288866564000045], [88.68619601100005, 26.282120447000068], [88.68067144200006, 26.29528056600003], [88.66798370500004, 26.297266027000035], [88.67214542500005, 26.268565473000024], [88.66621016500005, 26.262738546000037], [88.68316971300004, 26.260923985000034], [88.69579113000003, 26.27953844500007], [88.72194675400004, 26.282926645000032], [88.71974630600005, 26.29309802800003], [88.74505762500007, 26.29074563300003], [88.74662755700007, 26.31111156700007], [88.75655862000008, 26.310574862000067], [88.76403243100003, 26.298981292000065], [88.79347037900004, 26.310073768000052], [88.81906717900006, 26.29459068600005], [88.80996405600007, 26.27702166100005], [88.81282072000005, 26.256934259000047], [88.82909712600008, 26.249805405000075], [88.82757704900007, 26.239727421000055], [88.84389307200007, 26.230672301000027], [88.87764500200007, 26.233482786000025], [88.87768899100007, 26.242295408000075], [88.86140162000004, 26.25211521500006], [88.86133500200003, 26.272734170000035], [88.87579110200005, 26.286649983000075], [88.92622102500007, 26.283892902000048], [88.95308580100004, 26.24208786300005], [88.96530952100005, 26.238784383000052], [89.02747051700004, 26.247725777000028], [89.04598527300004, 26.240764522000063], [89.05194321600004, 26.256106677000048], [89.06232566100005, 26.253732933000038], [89.06292390000004, 26.270238608000057], [89.05430188400004, 26.27635779600007], [89.06208983300007, 26.27807020000006], [89.05859180200008, 26.293343408000055], [89.04206178800007, 26.290110224000045], [89.04728560700005, 26.28272227700006], [89.04776305500008, 26.288475147000042], [89.05035005300005, 26.28807931600005], [89.04508111900003, 26.275260178000053], [89.03833271900004, 26.278240874000062], [89.04072586800004, 26.285868588000028], [89.01969510500004, 26.289898891000064], [89.02629508900009, 26.306295378000073], [89.02111197800008, 26.309175997000068], [89.01683402600008, 26.289494051000077], [89.00666496400004, 26.30443318600004], [88.99997377200003, 26.29076572400004], [88.99752914300007, 26.299727420000067], [88.98486821400007, 26.30064330700003], [88.98500163200003, 26.318154222000032], [88.99488256200004, 26.31334236200007], [88.99148171200005, 26.32244203700003], [89.00090138600007, 26.329857696000033], [88.98479219600006, 26.334030338000048], [88.98174525800005, 26.34110407600008], [88.98998289100007, 26.338577275000034], [88.98508217700004, 26.350043508000056], [88.96134985500004, 26.352403459000072], [88.96349403800008, 26.338561276000064], [88.95592844000004, 26.330108401000075], [88.95170297200008, 26.342706054000075], [88.95898557200007, 26.343647030000056], [88.94609737800005, 26.343979791000038], [88.95807615200005, 26.357517077000068], [88.95329986100006, 26.366066432000025], [88.94766631500005, 26.355963048000035], [88.91188482100006, 26.366197972000066], [88.92134087300008, 26.377304741000046], [88.90904222200004, 26.380135678000045], [88.91801995500003, 26.40088456500007], [88.90393921700007, 26.408133711000062], [88.92650556600006, 26.40689210900007], [88.93122162200007, 26.41426525600008], [88.92295459400003, 26.42342300300004], [88.93360694900008, 26.426622525000028], [88.92614867100008, 26.43216364600005], [88.94471786400004, 26.42568441900005], [88.95125774400003, 26.435107044000063], [88.94613139600006, 26.448036520000073], [88.96521691900006, 26.451983147000078], [88.95579813100005, 26.46029615200007], [88.98320573400008, 26.446594453000046], [88.98068745500007, 26.42535542400003], [88.99397031200004, 26.412897024000074], [88.99367560800005, 26.423071565000043], [89.00588128800007, 26.421524176000048], [89.00716589300004, 26.41283469900003], [89.02170567500008, 26.414171384000042], [89.01935411000005, 26.404228560000035], [89.02997034900005, 26.407106799000076], [89.03350641000009, 26.395526290000078], [89.06299970100008, 26.40083700200006], [89.07374651200007, 26.391269243000067], [89.08441334900004, 26.398375891000057], [89.08126577700006, 26.39028330700006], [89.09570491600005, 26.391528823000044], [89.08835797800003, 26.365788664000036], [89.07966079800008, 26.36293702000006], [89.09828154000007, 26.35902877600006], [89.09330531500007, 26.35304067800007], [89.10128502900005, 26.336633391000078], [89.08373560000007, 26.322297866000042], [89.09185021800005, 26.320416272000045], [89.09673248800004, 26.329322184000034], [89.11267156200006, 26.318509438000035], [89.13577835000007, 26.32133135400005], [89.12949853400005, 26.313137347000065], [89.13594097800006, 26.307512080000038], [89.12515907300008, 26.305447712000046], [89.13240809200005, 26.298822834000077], [89.12190929000008, 26.287594899000055], [89.10469019800007, 26.315925081000046], [89.09919529800004, 26.30412142800003], [89.10707507900008, 26.291749397000046], [89.10005472000006, 26.279566018000025], [89.12515959700005, 26.263562644000046], [89.11978669000007, 26.252728863000073], [89.14087926200006, 26.235874645000024], [89.14852938700005, 26.20643986300007], [89.13453673200007, 26.181261277000033], [89.14096335300007, 26.169394914000065], [89.15722284700007, 26.163289035000048], [89.14845245000004, 26.158193554000036], [89.15532312800008, 26.138707905000047], [89.19291469300003, 26.12387476200007], [89.20284293400005, 26.129358328000023], [89.22935782400003, 26.123957215000075], [89.22918210400007, 26.116681416000063], [89.25171860900008, 26.10131605500004], [89.25155357100004, 26.09145641500004], [89.26254329400007, 26.094074221000028], [89.26679014000007, 26.092452313000024], [89.25435170700007, 26.064214265000032], [89.27082026600004, 26.06002019500005], [89.28097800600005, 26.065694502000042], [89.27566886300008, 26.049175559000048], [89.30037224100005, 26.050521811000067], [89.32586242400004, 26.036634781000032], [89.34848562700006, 26.010480664000056], [89.39244246300007, 26.007230142000026], [89.39080755400005, 26.023039994000044], [89.40313108500004, 26.02766861300006], [89.40739436500007, 26.04161288100005], [89.42378003400006, 26.047010578000027], [89.43389827900006, 26.03053393600004], [89.42741579500006, 26.013241664000077], [89.45985232900006, 25.999843904000045], [89.44032711700004, 25.99158783100006], [89.44074836000004, 25.966697988000078], [89.43214773200003, 25.960959428000024], [89.43647017400008, 25.924598914000057], [89.42618935200005, 25.914280460000043], [89.42061137600007, 25.92281960200006], [89.41628305900008, 25.92229713300003], [89.42261277000006, 25.916043991000038], [89.41615019500006, 25.903463929000054], [89.39037704600008, 25.89579094900006], [89.39219865300004, 25.885193151000067], [89.37723924900007, 25.881214186000022], [89.38022854700006, 25.87457600700003], [89.34677639600005, 25.87881886200006], [89.35046954200004, 25.86217671600008], [89.33530754900005, 25.85839573900006], [89.33455198900003, 25.837255911000057], [89.34751456500004, 25.821111337000048], [89.37060979100005, 25.81750757700007], [89.38843704700008, 25.796855092000044], [89.42938980900004, 25.79518056200004], [89.42955291200008, 25.788259776000075], [89.45523298300003, 25.78391265500005], [89.45938548400005, 25.81216756500004], [89.47186859100003, 25.812863606000064], [89.46282117100003, 25.822921380000025], [89.45609876800006, 25.81650602800005], [89.45208102300006, 25.82246534500007], [89.47470995500004, 25.82671676600006], [89.47746435300007, 25.834813543000053], [89.48861999500008, 25.813241238000046], [89.49678991900004, 25.81303948300007], [89.49228648300004, 25.809103137000022], [89.51904941600009, 25.805452338000066], [89.51677383600008, 25.820326738000063], [89.52942555800007, 25.814098065000053], [89.53574821100005, 25.82391535100004], [89.52992556800007, 25.86556414300003], [89.55227867700006, 25.861618746000033], [89.55444349600003, 25.877256205000037], [89.57040597500009, 25.88164095700006], [89.54631228400007, 25.88863464800005], [89.52951168100003, 25.915301631000034], [89.51745824300008, 25.91753414200008], [89.51160096400008, 25.94412087300003], [89.49662790000008, 25.954354531000035], [89.50371750900007, 25.95900676100007], [89.50102055200006, 25.97018932000003], [89.48195663300004, 25.96180256400004], [89.47249256400005, 25.976213143000052], [89.49120413800006, 26.006053230000077], [89.50906520900008, 26.00207845600005], [89.51919176100006, 26.008867329000054], [89.54817380700007, 26.000697565000053], [89.53509494500008, 25.98898852600007], [89.54087781500004, 25.96963162700007], [89.55759025000003, 25.96545889300006], [89.56640829100007, 25.98036565500007], [89.56884160100003, 25.967858625000076], [89.57782905600004, 25.96938196800005], [89.57410476700005, 25.980384936000064], [89.58668669200006, 25.98096631100003], [89.57865848000006, 26.026359213000035], [89.58527666600008, 26.02636580500007], [89.58762363700004, 26.038794753000047], [89.59765881300007, 26.037946565000027], [89.59218579400005, 26.044912200000056], [89.61321602700008, 26.05362916300004], [89.60498710400003, 26.063291313000036], [89.61934890200007, 26.053519187000063], [89.63172052000004, 26.063028819000067], [89.64902868800004, 26.061453162000078], [89.63398965800008, 26.080107225000063], [89.63934385800007, 26.090969216000076], [89.63014348800004, 26.106946899000036], [89.61390149800008, 26.103700481000033], [89.61724027000008, 26.094802111000035], [89.60943387500004, 26.09547907700005], [89.60825030400008, 26.08850409200005], [89.59423231000005, 26.103445540000052], [89.59999235800007, 26.103547880000065], [89.59785057300007, 26.113069405000033], [89.61406223000006, 26.106897608000054], [89.63028552600008, 26.11852370400004], [89.62630291500005, 26.128522544000077], [89.62044011800003, 26.119834886000035], [89.61234498100004, 26.127855621000037], [89.60530070300007, 26.117214742000044], [89.60123258800007, 26.12353261100003], [89.60693951100006, 26.12578327700004], [89.59649821400006, 26.135300999000037], [89.59785316500006, 26.154007110000066], [89.59108655500006, 26.15732067400006], [89.59982950700004, 26.160956594000027], [89.61028559400006, 26.153948093000054], [89.61970539100008, 26.168188022000038], [89.61117125600003, 26.168703567000023], [89.61509154900006, 26.175978386000054], [89.60822891400005, 26.176440484000068], [89.60738622500008, 26.179236984000056], [89.62383940300003, 26.179216977000067], [89.62391648700003, 26.171209419000036], [89.63212162600007, 26.180840276000026], [89.63730064300006, 26.176298015000043], [89.63207665500005, 26.171985095000025], [89.64603070400005, 26.16455192600006], [89.65862414500003, 26.176535028000046], [89.62769865500007, 26.18405671100004], [89.63010969500004, 26.19587254000004], [89.64235786400008, 26.18538110000003], [89.64994160500004, 26.190297171000054], [89.63213502100007, 26.211975506000044], [89.63379926900006, 26.23034584000004], [89.65549968100004, 26.219160591000048], [89.67184059900006, 26.219950621000066], [89.67870818000006, 26.238330682000026], [89.68179593500008, 26.227757662000045], [89.68567545300004, 26.231012416000056], [89.68938591700004, 26.22136879900006], [89.67897440700006, 26.224189163000062], [89.67965398700005, 26.214088159000028], [89.69142115200003, 26.211761099000057], [89.67344408100007, 26.205783350000047], [89.69174330000004, 26.177635577000046], [89.70198649700006, 26.174063129000047], [89.67425294500003, 26.16704644400005], [89.70131142400004, 26.15185716600007], [89.71447630300008, 26.168857654000078], [89.72036240200003, 26.15639882800008], [89.74661843200005, 26.158101197000065], [89.76641510700006, 26.130807925000056], [89.75634421600006, 26.109118828000078], [89.78310976500006, 26.106090933000075], [89.78121971900003, 26.083553791000043], [89.79479237600003, 26.087623061000045], [89.79031097500007, 26.075529093000057], [89.79652762400008, 26.076414440000065], [89.79872496200005, 26.059663115000035], [89.78524517500006, 26.056975795000028], [89.78782124100007, 26.047812950000036], [89.77381209500004, 26.038357275000067], [89.78808454000006, 26.04033953900006], [89.79058637000009, 26.034375153000042], [89.79349319200008, 26.042364116000044], [89.80177142600007, 26.040353349000043], [89.79056789600008, 26.017897031000075], [89.80861276300004, 26.043422079000038], [89.81922141800004, 26.025914963000048], [89.82041921100006, 25.998036530000036], [89.81480905100005, 25.997947169000042], [89.82015492900007, 25.987741623000034], [89.83589156500005, 25.982534607000048], [89.83580171600005, 26.012667660000034], [89.85023152300005, 25.99019918600004], [89.87066366100004, 25.98145082800005], [89.87175843900008, 25.974163331000057], [89.83805216800005, 25.96814399300007], [89.84928774300005, 25.94920503700007], [89.83099947800008, 25.955214668000053], [89.825349, 25.945571096000037], [89.84266767400004, 25.940114661000052], [89.88700592900005, 25.94532507300005], [89.87852971800004, 25.924335167000038], [89.83250586100007, 25.870712989000026], [89.83522753300008, 25.84082752300003], [89.81721972600008, 25.816889314000036], [89.82645032400006, 25.810272707000024], [89.83996020800004, 25.768328776000033], [89.82682914900005, 25.733011684000076], [89.83371964100007, 25.71722368500008], [89.81202721700004, 25.688136890000067], [89.80908877000007, 25.664484968000068], [89.80013844800004, 25.682427490000066], [89.78717912000008, 25.682752876000052], [89.79103645400005, 25.694712286000026], [89.77904200900008, 25.692963619000068], [89.77080273700005, 25.671358937000036], [89.77995956700005, 25.627453476000028], [89.79786087300005, 25.60597801700004], [89.77876082000006, 25.558761966000077], [89.80205088800005, 25.54981396000005], [89.78662706400007, 25.52856845100007], [89.79515401500004, 25.471839634000048], [89.81118553700009, 25.468474109000056], [89.81183841400008, 25.484229309000057], [89.81897196300008, 25.48592868700007], [89.82901859400005, 25.47410846100007], [89.83457957700006, 25.442363967000063], [89.82562005100004, 25.415218647000074], [89.76692355200004, 25.43273976300003], [89.77157595300008, 25.415256491000036], [89.78407220200006, 25.41299345300007], [89.78027194400005, 25.387958860000026], [89.74869243300003, 25.37909552700006], [89.72189012700005, 25.356578497000044], [89.75633312200006, 25.280859340000063], [89.74865504800005, 25.26950550500004], [89.74888540200004, 25.23641930100007], [89.70121427900006, 25.23215271600003], [89.65176349100005, 25.143788991000065], [89.64940017300006, 25.111916192000024], [89.61885343600005, 25.11089370700006], [89.61685968900008, 25.094705743000077], [89.60731838900006, 25.099022970000078], [89.60573625300003, 25.118530021000026], [89.61467191600008, 25.126763717000074], [89.61706687400005, 25.150352337000072], [89.61178099900008, 25.15358234400003], [89.60568059000008, 25.14224211100003], [89.59948478000007, 25.152978965000045], [89.61272714700004, 25.17170688300007], [89.59413045800005, 25.18673511000003], [89.58516925800006, 25.185459494000042], [89.59280166000008, 25.193207098000073], [89.58530664100005, 25.192883746000064], [89.57716823400006, 25.219990791000043], [89.56690165400005, 25.221566281000037], [89.57394079700003, 25.234880529000066], [89.56452058400004, 25.238376172000073], [89.55364797100003, 25.228112501000055], [89.52296488100006, 25.226256224000053], [89.52702620400004, 25.195956008000053], [89.51302541700005, 25.186812125000074], [89.50928294300007, 25.196311929000046], [89.50058000400008, 25.192234222000025], [89.50135583900004, 25.182528255000022], [89.48913562300004, 25.173421989000076], [89.48587891400007, 25.139881271000036], [89.49341007100008, 25.13674362100005], [89.49352032200005, 25.144136245000027], [89.50028255900008, 25.13805553700007], [89.49098103800009, 25.13046455400007], [89.50710971800004, 25.123354265000046], [89.51203652900006, 25.10512041800007], [89.50321922800003, 25.08886839400003], [89.49513592000005, 25.091325717000075], [89.49847128700009, 25.075318577000075], [89.51278949800007, 25.07417475400007], [89.50900116200006, 25.06288836300007], [89.51777299800005, 25.06437446700005], [89.52746154400006, 25.04283756600006], [89.50348354600004, 25.044831398000042], [89.48779936500006, 25.06171159300004], [89.46247278800007, 25.054537950000054], [89.46510089700007, 25.061326777000033], [89.45329875000004, 25.06546675900006], [89.45259377800005, 25.05558331000003], [89.45250230100004, 25.07574822600003], [89.44127573600008, 25.06887572100004], [89.42958366900007, 25.073276667000073], [89.42580286700007, 25.065146798000058], [89.41319998400007, 25.083134229000052], [89.39894916300005, 25.078799445000072], [89.40333202000005, 25.067603748000067], [89.39136207000007, 25.066487275000043], [89.38873042400007, 25.04715909600003], [89.38080592600005, 25.06029707500005], [89.36011271500007, 25.06644675900003], [89.35974142900005, 25.089047322000056], [89.34497282700005, 25.100955833000057], [89.33128268700005, 25.099892340000054], [89.34004868400007, 25.109971992000055], [89.33210655800008, 25.12292078200005], [89.29735830800007, 25.116976054000077], [89.28009092800005, 25.087631309000074], [89.25162839800004, 25.097285252000063], [89.23271964000008, 25.14237048600006], [89.21685053200008, 25.145019157000036], [89.22325992500004, 25.154406189000042], [89.21672796000007, 25.164606647000028], [89.18407982900004, 25.18437218400004], [89.20385143100003, 25.224495088000026], [89.19561256800006, 25.23996568000007], [89.17471339200006, 25.234540039000024], [89.15081468200003, 25.25637403500008], [89.13882607300008, 25.254978291000043], [89.14023057800006, 25.246726657000067], [89.12976215200007, 25.24433442800006], [89.12291505300004, 25.25300297700005], [89.11765981200006, 25.24187584200007], [89.09676577100004, 25.240624742000023], [89.07038632700005, 25.26976148400007], [89.05967960300006, 25.260898946000054], [89.02759681300006, 25.277586255000074], [89.01871361800005, 25.265679547000047], [89.00783317500003, 25.267657777000068], [89.00887664500004, 25.303140665000058], [88.99629729000009, 25.295790896000028], [88.98528668600005, 25.29878750000006], [88.98527748800007, 25.306009475000053]], [[89.02576141400004, 26.242747077000047], [89.02332131300005, 26.240833894000048], [89.02538583300009, 26.24058664100005], [89.02576141400004, 26.242747077000047]]], [[[89.00571419400006, 26.249868324000033], [88.99966619000008, 26.260941314000036], [89.00404140100005, 26.255598476000046], [89.00442206200006, 26.265450938000072], [89.01460041600006, 26.26574179000005], [89.00571419400006, 26.249868324000033]]], [[[88.99293901700008, 26.280114785000023], [89.00012651900005, 26.28365689700007], [89.00308403000008, 26.28141125700006], [89.00040618100007, 26.27753849000004], [88.99293901700008, 26.280114785000023]]], [[[88.93549196300006, 26.32134968200006], [88.93756146300007, 26.31298564100007], [88.94902903400003, 26.318453643000055], [88.95342272900007, 26.30363032300005], [88.96391111100007, 26.304140044000064], [88.96083534700006, 26.29503718600006], [88.98359747900008, 26.299584208000056], [88.98151432900005, 26.283055542000056], [88.95445894700003, 26.274720932000037], [88.92539338400007, 26.293955483000047], [88.93071067200003, 26.307418150000046], [88.91812191100007, 26.32565730700003], [88.92132796700008, 26.335525731000075], [88.93840104400005, 26.33502459600004], [88.94216419500003, 26.323208915000066], [88.93549196300006, 26.32134968200006]]], [[[88.94258994600006, 26.352476894000063], [88.93812915600006, 26.354708935000076], [88.94125091400008, 26.35522014600008], [88.94258994600006, 26.352476894000063]]], [[[89.18723437500006, 26.24319765300004], [89.18026868600003, 26.239299285000072], [89.17759902100005, 26.24466252700006], [89.18089583900007, 26.24517005900003], [89.18723437500006, 26.24319765300004]]], [[[89.14014077400003, 26.255199584000025], [89.15035088200005, 26.249748701000044], [89.15317210200004, 26.266004587000054], [89.17163009600006, 26.263309873000026], [89.17089374500006, 26.240344221000043], [89.15780610800005, 26.234774505000075], [89.15975829500007, 26.250754339000025], [89.15258450800007, 26.245634506000044], [89.15639220100007, 26.23786260600008], [89.14259294300007, 26.241793763000032], [89.13580674100007, 26.271238372000028], [89.14666493000004, 26.26562804100007], [89.14014077400003, 26.255199584000025]]], [[[89.02884646400008, 26.25718981500006], [89.02236132200005, 26.271194620000074], [89.02772983700004, 26.273324064000064], [89.03678518300006, 26.264281243000028], [89.02884646400008, 26.25718981500006]]], [[[89.11271207600004, 26.284668531000023], [89.11871211900007, 26.281240651000076], [89.11195522000008, 26.276244951000024], [89.11271207600004, 26.284668531000023]]], [[[89.13159847500003, 26.291151143000036], [89.13017751900009, 26.29277056600006], [89.13160895100003, 26.292728449000037], [89.13159847500003, 26.291151143000036]]], [[[89.13450994000004, 26.297964698000044], [89.13292579800003, 26.29479331500005], [89.13097074000007, 26.296713112000077], [89.13450994000004, 26.297964698000044]]], [[[89.14381556800004, 26.301655810000057], [89.14653553900007, 26.304441645000054], [89.14701761600008, 26.30183571300006], [89.14381556800004, 26.301655810000057]]], [[[89.07241179800008, 26.401161471000023], [89.07496708400004, 26.405568224000035], [89.07595959400004, 26.40121207800007], [89.07241179800008, 26.401161471000023]]], [[[89.06595288100004, 26.401913411000066], [89.06709657200008, 26.40610736600007], [89.06871442400006, 26.40167409600008], [89.06595288100004, 26.401913411000066]]], [[[89.05416398400007, 26.40753079700005], [89.05925917300004, 26.404255384000066], [89.05809098600008, 26.401186410000037], [89.05584551100009, 26.401726874000076], [89.05416398400007, 26.40753079700005]]], [[[89.51412949200005, 26.01085759600005], [89.51053286500007, 26.02412985500007], [89.52091031800006, 26.026104883000073], [89.51412949200005, 26.01085759600005]]], [[[89.55841367200009, 26.050137850000056], [89.55551183700004, 26.06555899800003], [89.57383828100006, 26.059501715000067], [89.55841367200009, 26.050137850000056]]], [[[89.49805621500008, 26.067244325000047], [89.51441196300004, 26.065578424000023], [89.51413997200007, 26.06047180400003], [89.50495475700006, 26.05830678700005], [89.49805621500008, 26.067244325000047]]], [[[89.61714426500004, 26.079978840000024], [89.62064337200007, 26.068313785000043], [89.61915573800007, 26.067095935000054], [89.61149557200008, 26.072376532000078], [89.61714426500004, 26.079978840000024]]], [[[89.41613682500008, 26.07690601300004], [89.39574262400004, 26.083309216000032], [89.39790397800004, 26.094360780000045], [89.42018335400007, 26.088523595000026], [89.41613682500008, 26.07690601300004]]], [[[89.41438684500008, 26.09942929300007], [89.42320106100004, 26.106164714000045], [89.42784733400003, 26.09996300800003], [89.41438684500008, 26.09942929300007]]], [[[89.70269392200004, 26.18201674000005], [89.70255020200005, 26.177155681000045], [89.69851701800008, 26.180047493000075], [89.70269392200004, 26.18201674000005]]], [[[89.60094570900009, 26.181793731000027], [89.60730769500003, 26.175649106000037], [89.58686008300003, 26.178042271000038], [89.59339362800006, 26.19190883500005], [89.60517663300004, 26.192590649000067], [89.60094570900009, 26.181793731000027]]], [[[89.58682912800003, 26.189480373000038], [89.58585088200005, 26.183712756000034], [89.58317347100007, 26.18442118200005], [89.58682912800003, 26.189480373000038]]], [[[89.60912015000008, 26.191046639000035], [89.61572514200003, 26.189598254000032], [89.61373943900008, 26.196897854000042], [89.62302042900006, 26.198968798000067], [89.61871256300003, 26.18615690300004], [89.60912015000008, 26.191046639000035]]], [[[89.59415148300008, 26.202730062000057], [89.59830865900005, 26.193206530000054], [89.58926533000005, 26.197113364000074], [89.59415148300008, 26.202730062000057]]], [[[89.60914032900007, 26.203834236000034], [89.61674461300004, 26.20454320300007], [89.61715215800007, 26.202449432000037], [89.60914032900007, 26.203834236000034]]]]}}, {"type": "Feature", "properties": {"division": "Barishal"}, "geometry": {"type": "MultiPolygon", "coordinates": [[[[90.37833961100006, 21.78919527000005], [90.38249445800005, 21.792388801000072], [90.39133592400003, 21.80580243600008], [90.39243603100005, 21.796333709000066], [90.37833961100006, 21.78919527000005]]], [[[90.36875876000005, 21.83606954800007], [90.36837021400004, 21.854142038000077], [90.38091735900008, 21.854209237000077], [90.38389401000006, 21.83746928200003], [90.36875876000005, 21.83606954800007]]], [[[90.06263186800004, 21.86036568800006], [90.02383645800006, 21.884351362000075], [90.02856134100006, 21.945211436000022], [90.07115915500003, 21.969676588000027], [90.09029901300005, 22.04147443000005], [90.14028881100006, 22.08427517900003], [90.15889219400003, 22.114711803000034], [90.19457340000008, 22.10693459500004], [90.21668691900004, 22.120472027000062], [90.22496205300007, 22.14167542100006], [90.21023991800007, 22.152780875000076], [90.20277420000008, 22.12395602500004], [90.15391790700005, 22.122510790000035], [90.08085938300007, 22.05297700500006], [90.06086678400004, 22.012731126000062], [90.05634125900008, 21.978501874000074], [90.01779675000006, 21.982858512000064], [89.99531076000005, 22.001422521000052], [89.98703492200008, 22.03516414300003], [90.02893332600007, 22.052898708000043], [90.03552781000008, 22.070777682000028], [90.03474711900003, 22.128481989000022], [90.06549274100007, 22.148981967000054], [90.07073246200008, 22.16042617200003], [90.05244432200004, 22.182267093000064], [90.03273377300007, 22.185932324000078], [90.04251908400005, 22.17985045000006], [90.03307375400004, 22.17750989500007], [90.02270591400008, 22.182053455000073], [90.03100470500004, 22.186346270000058], [90.02688892700007, 22.189940448000073], [90.01976834700008, 22.187546777000023], [90.02333746800008, 22.173566347000076], [90.06021169800005, 22.16093576000003], [90.02020105800005, 22.135273016000042], [90.01283503300004, 22.11141785700005], [90.02264157300004, 22.081068927000047], [89.97350909000005, 22.035698379000053], [89.97164141500008, 22.01509264500004], [89.98638446000007, 21.955779154000027], [89.95671675200003, 21.946723225000028], [89.93833954300004, 21.958860832000028], [89.93194968400007, 21.977312485000027], [89.93578410100008, 21.99935378600003], [89.91700734800008, 22.022580163000043], [89.90102669800007, 22.072387140000046], [89.91028775600006, 22.108296301000053], [89.90719307400008, 22.15876038400006], [89.89760556200008, 22.178268210000056], [89.88587292600005, 22.177272801000072], [89.85763794900004, 22.26184745300003], [89.86762004400003, 22.304565896000042], [89.89555744200004, 22.34692371700004], [89.90165710000008, 22.371111625000026], [89.87150445900005, 22.420435243000043], [89.90163734900005, 22.444052200000044], [89.93351145600008, 22.448144848000027], [89.94451758200006, 22.466957227000023], [89.93067271800004, 22.477897831000064], [89.89483048900007, 22.475730017000046], [89.88221233000007, 22.49759085200003], [89.89440311000004, 22.50691964500004], [89.96484880600008, 22.492509992000066], [89.96463440900004, 22.507684108000035], [89.92324335500007, 22.510627234000026], [89.95423858700008, 22.554038320000075], [89.96197179400008, 22.59427609900007], [89.92086842300006, 22.606064553000067], [89.92682901200004, 22.64208543600006], [89.89010955900005, 22.66399653900004], [89.89665324200007, 22.67496210400003], [89.91406576100007, 22.659747459000073], [89.93589984900007, 22.67706577900003], [89.93392338900009, 22.683341547000055], [89.90205578900003, 22.69544331000003], [89.86824653700006, 22.691550867000046], [89.86246852300008, 22.701951871000063], [89.90735752700004, 22.726560153000037], [89.93114661200008, 22.723038811000038], [89.93138333800005, 22.75238187900004], [89.91341593100003, 22.752356494000026], [89.90446610600009, 22.77256392000004], [89.93825779700006, 22.784943284000065], [89.91400352300008, 22.799757854000063], [89.94465820400006, 22.82605282700007], [89.93887087600007, 22.864965330000075], [89.96702964300005, 22.85365784100003], [89.98742751800006, 22.865865263000046], [90.01837247000003, 22.87104325300004], [90.03480591200008, 22.933841760000064], [90.05701262700006, 22.932200821000038], [90.05824483100008, 22.97128470100006], [90.06881604500006, 22.96790474000005], [90.07748507400004, 22.982765440000037], [90.08378959700008, 22.981069009000066], [90.09477670900009, 23.006841103000056], [90.12667042000004, 23.005699780000043], [90.12696711800004, 23.02588430900005], [90.14309401600008, 23.04531451400004], [90.13690366700007, 23.052925593000055], [90.15503667200005, 23.052650836000055], [90.16497433300003, 23.067623285000025], [90.20116755500004, 23.05378790000003], [90.21376615300005, 23.06989995600003], [90.22060348800005, 23.065180206000036], [90.23836489700005, 23.03671611200008], [90.23005153200006, 22.979068389000076], [90.23937345700006, 22.966263715000025], [90.25880315800003, 22.972933225000077], [90.25661011000005, 22.964319400000022], [90.31987995900005, 22.981461128000035], [90.32944803300006, 23.00735108600003], [90.31446736400005, 23.035338232000072], [90.31575086600003, 23.052879059000077], [90.38343285700006, 23.056262575000062], [90.42373481400006, 23.036267810000027], [90.40755056400008, 23.017080622000037], [90.40789379100005, 23.007083773000033], [90.41734377400007, 23.007187876000046], [90.40721558500007, 22.999357478000036], [90.41958653800003, 22.989884767000035], [90.47323816800008, 22.977018642000075], [90.48432297000005, 22.958390043000065], [90.51451725300007, 22.944002564000073], [90.53053742800006, 22.92267802300006], [90.52915657800008, 22.899355685000046], [90.48228012400006, 22.877133564000076], [90.47532670100009, 22.865395199000034], [90.47651609700006, 22.821891194000045], [90.46639535100007, 22.802752560000044], [90.45179726300006, 22.816322598000056], [90.45479605400004, 22.865215818000024], [90.43882360200007, 22.881266304000064], [90.45365372400005, 22.863020556000038], [90.43772848900005, 22.794391678000068], [90.44418855600009, 22.807116217000043], [90.45269110000004, 22.805562529000042], [90.47808394100008, 22.797840118000067], [90.49648510900005, 22.782152516000053], [90.48032942400005, 22.75877907100005], [90.49122642300006, 22.738811647000034], [90.45392907200005, 22.774439517000076], [90.45427808400007, 22.78717162600003], [90.45198350700008, 22.778603872000076], [90.44631968300007, 22.78736403100004], [90.44076646800005, 22.783773377000045], [90.44831331800003, 22.775459246000025], [90.44462286500004, 22.766004622000025], [90.43042653700007, 22.78173206500003], [90.43711729000006, 22.766733357000078], [90.43213835800003, 22.758213252000075], [90.46407271700008, 22.749094005000075], [90.50346040900007, 22.710015422000026], [90.50355702500008, 22.69998950300004], [90.49033118600005, 22.690842804000056], [90.47827449500005, 22.673569374000067], [90.47260346100006, 22.650798163000047], [90.50204226200003, 22.695937318000063], [90.50307572300005, 22.658973205000052], [90.49781757700003, 22.66496511300005], [90.50929557100005, 22.593318686000032], [90.49923097600004, 22.58382109400003], [90.47703655100008, 22.585491457000046], [90.47748023000008, 22.578913551000028], [90.51131506000007, 22.580679435000036], [90.59094380300007, 22.53024733500007], [90.59053252100006, 22.52371125600007], [90.58206357500006, 22.533979002000024], [90.60947047700006, 22.48716957700003], [90.60632504300008, 22.479632048000042], [90.59799770200004, 22.486482221000074], [90.59259606700004, 22.500822078000056], [90.58765308000005, 22.50818970000006], [90.59559948700007, 22.488157828000055], [90.60500947700007, 22.47706095800004], [90.58630429400006, 22.42840763600003], [90.60788844500007, 22.404120600000056], [90.61599631600006, 22.404751357000066], [90.59093390500004, 22.43099081300005], [90.61754032000005, 22.47580519400003], [90.63340612800005, 22.476004508000074], [90.63234947600006, 22.46298427100004], [90.64456302100007, 22.45190434500006], [90.63981281500008, 22.418212356000026], [90.62223362800006, 22.44672416000003], [90.64087973000005, 22.412109197000063], [90.64315273100004, 22.380971674000023], [90.65688092100004, 22.38386295300006], [90.65823957100008, 22.36602752500005], [90.66017110100006, 22.381843493000076], [90.66776157300006, 22.37822705900004], [90.66896327100005, 22.342434113000024], [90.66071807700007, 22.355848740000056], [90.66069081600006, 22.31746716200007], [90.64334700500007, 22.313921366000045], [90.63567168900005, 22.288788229000033], [90.61762335700007, 22.274045036000075], [90.61808647600003, 22.295080529000074], [90.63083601400007, 22.31199321400004], [90.61441283100004, 22.311213845000054], [90.61573203900008, 22.324496044000057], [90.58983742300006, 22.261287287000073], [90.53294898400009, 22.211479231000055], [90.51844488800003, 22.176484240000036], [90.50342188300004, 22.166492078000033], [90.49620933900007, 22.173398261000045], [90.48506644400004, 22.205408928000054], [90.49540424900005, 22.209527309000066], [90.50043288900008, 22.21360892100006], [90.50015300300004, 22.217449016000046], [90.48388267600006, 22.206428231000075], [90.49502445000007, 22.15026380200004], [90.43645957400008, 22.08034635000007], [90.39108874100003, 22.089161836000073], [90.38677324800005, 22.105665791000035], [90.38799664200008, 22.121391165000034], [90.40509221300005, 22.142814955000063], [90.40420360500008, 22.169533311000066], [90.43208190000007, 22.18153553700006], [90.43672279300006, 22.191126009000072], [90.39943218300004, 22.173432080000055], [90.39853726100006, 22.147563956000056], [90.38552024700004, 22.137343798000074], [90.37468832000008, 22.114155781000022], [90.37768346900003, 22.08288281800003], [90.33163931000007, 22.04688801700007], [90.30755060500007, 21.982251146000067], [90.29783157400004, 21.992021890000046], [90.28701888300003, 21.99366654100004], [90.27171791800004, 22.02125394500007], [90.28381289000004, 21.992739863000054], [90.26471283000006, 21.976421438000045], [90.25677807900007, 21.95362953500006], [90.22695699100007, 21.98033773700007], [90.21385485700006, 21.985784292000062], [90.17263115600008, 21.97737077100004], [90.16605166500005, 21.983401404000062], [90.15367104000006, 21.982122639000067], [90.13262784400007, 21.953312510000046], [90.14462201000003, 21.929732861000048], [90.11469182700006, 21.925818737000043], [90.11431813800004, 21.904226567000023], [90.10131747100007, 21.885159334000036], [90.07520607500004, 21.86131670800006], [90.06263186800004, 21.86036568800006]], [[90.02361379100006, 22.36803397700004], [90.03370473600006, 22.363122646000022], [90.03595881900009, 22.37519669900007], [90.05585841000004, 22.35680638200006], [90.05085713100004, 22.33691205300005], [90.07925928900005, 22.352625339000042], [90.09429722900006, 22.34549716500004], [90.11619408000007, 22.364799271000038], [90.14082812200007, 22.404491516000064], [90.17529116500003, 22.43097503300004], [90.17480769700006, 22.457382015000064], [90.18809159100005, 22.480173921000073], [90.15171650000008, 22.511371891000067], [90.13968414600004, 22.50460694700007], [90.12403063900007, 22.469033916000058], [90.105659, 22.461918513000057], [90.10070764900007, 22.444663382000044], [90.07721845000003, 22.439943279000033], [90.06359368400007, 22.465234362000047], [90.05635122100006, 22.455967472000054], [90.05997683400005, 22.443174949000024], [90.02734646700009, 22.444242463000023], [90.02849108900006, 22.420207434000076], [90.03878818900006, 22.40228146100003], [90.02283891600007, 22.394473867000045], [90.02361379100006, 22.36803397700004]], [[90.02124595100008, 22.516174668000076], [90.05674732100005, 22.551378815000078], [90.06114938200005, 22.533649032000028], [90.06739029300007, 22.529244981000033], [90.05592379800004, 22.579654435000066], [90.06293755100006, 22.593294856000057], [90.09164116600004, 22.59044409300003], [90.11008411200004, 22.609730756000033], [90.09649699400006, 22.639598930000034], [90.09720318000007, 22.655571592000058], [90.08336108400005, 22.652092582000023], [90.06235104700005, 22.66941674000003], [90.04974896500005, 22.659294145000047], [90.03172068400005, 22.66464313000006], [90.02043051100009, 22.607847202000073], [90.03554235600006, 22.602520171000037], [90.03821742000008, 22.59043971600005], [90.02888764800008, 22.569428019000043], [90.02028329000007, 22.568026239000062], [90.02124595100008, 22.516174668000076]]], [[[90.25986701900007, 21.852214287000038], [90.21947528400005, 21.806206880000047], [90.18213617000004, 21.79736906100004], [90.10627750400005, 21.819461939000064], [90.08284464300004, 21.850281557000073], [90.08955981300005, 21.865654986000038], [90.11046747400007, 21.878525886000034], [90.11797076900007, 21.899404236000066], [90.14885856000006, 21.89257378700006], [90.16054005800004, 21.91027765700005], [90.17269950600007, 21.906628870000077], [90.18199391300004, 21.926619151000068], [90.18926132100006, 21.927753834000043], [90.19634059900005, 21.933719720000056], [90.19742271700005, 21.94730657200006], [90.19335668600007, 21.93336384400004], [90.17933376200006, 21.926830153000026], [90.17175434200004, 21.90890971400006], [90.15730898000004, 21.911075550000078], [90.14732758300005, 21.89502103800004], [90.11905641900006, 21.903219222000075], [90.11722974200006, 21.92478247400004], [90.14669617300007, 21.928679045000024], [90.13667938800006, 21.956416836000074], [90.15905220300004, 21.98116153500007], [90.17424308600005, 21.975169978000054], [90.22337309100004, 21.980442883000023], [90.25448544400007, 21.95070842100006], [90.26372246300008, 21.957434817000035], [90.27255114000008, 21.978121514000065], [90.29436187700009, 21.990657440000064], [90.30429909100008, 21.97524496400007], [90.30048640800004, 21.953690644000062], [90.26416256300007, 21.87673335200003], [90.25986701900007, 21.852214287000038]]], [[[90.40861419100008, 21.894004788000075], [90.39142064100008, 21.864939538000044], [90.38654975100008, 21.862895087000027], [90.39318159300007, 21.870692387000076], [90.37170329100007, 21.88506468500003], [90.35507937600005, 21.915555124000036], [90.37498896900007, 21.868348231000027], [90.35804516500008, 21.851557145000072], [90.33529527600007, 21.84653735300003], [90.31339421400008, 21.854516571000033], [90.30708661400007, 21.87436920700003], [90.35611086500006, 21.979134016000046], [90.41913988700009, 22.032816742000023], [90.46615550900003, 22.054269737000027], [90.49837684200008, 21.960245378000025], [90.46451766600006, 21.91884551100003], [90.40861419100008, 21.894004788000075]]], [[[90.33953529700005, 21.991290115000027], [90.38090363300006, 22.05352814400004], [90.39126432700004, 22.044659556000056], [90.33953529700005, 21.991290115000027]]], [[[90.34241702300005, 22.002787910000052], [90.34015653800003, 22.02227441900004], [90.36544354600005, 22.061441993000074], [90.39253962500004, 22.085808573000065], [90.42406467600006, 22.078463389000035], [90.42605706600006, 22.075780930000064], [90.39927737300007, 22.055187914000044], [90.39233253100008, 22.047435938000035], [90.38196817700003, 22.054990090000047], [90.36797900400006, 22.049643812000056], [90.34241702300005, 22.002787910000052]]], [[[90.34299542000008, 22.044349365000073], [90.34916673000004, 22.051507435000076], [90.34670377000003, 22.040516867000065], [90.34299542000008, 22.044349365000073]]], [[[90.36594203300007, 22.043761861000064], [90.36877707100007, 22.049313106000056], [90.37705273500006, 22.05180414000006], [90.37338278200008, 22.045597694000037], [90.36594203300007, 22.043761861000064]]], [[[90.39105738500007, 22.039221878000035], [90.39808317300003, 22.053128714000025], [90.40726647300005, 22.058842982000044], [90.39105738500007, 22.039221878000035]]], [[[89.87520979800007, 22.083075136000048], [89.88289639700008, 22.09102669600003], [89.88495401200004, 22.083904708000034], [89.87520979800007, 22.083075136000048]]], [[[90.39702778000003, 22.141857939000033], [90.39649381100008, 22.13449681700007], [90.38771388100008, 22.13255773800006], [90.39004124100006, 22.13919751800006], [90.39702778000003, 22.141857939000033]]], [[[89.89121769100007, 22.150058757000068], [89.88928940600005, 22.158189925000045], [89.88774280300004, 22.16523912100007], [89.89092844900006, 22.158267821000038], [89.89121769100007, 22.150058757000068]]], [[[90.47753016600007, 21.769193477000044], [90.47035529100003, 21.774233928000058], [90.47511532200008, 21.781917571000065], [90.47970316200008, 21.77621502900007], [90.47753016600007, 21.769193477000044]]], [[[90.46963320500004, 21.819606289000035], [90.48001689700004, 21.801265783000076], [90.46142522900004, 21.80676890700005], [90.46963320500004, 21.819606289000035]]], [[[90.49965874400004, 21.81150784400006], [90.48149411600008, 21.814669150000043], [90.47574466800006, 21.82549065300003], [90.48102399700008, 21.842447123000056], [90.49782338600005, 21.858126170000048], [90.55050869600007, 21.854612221000025], [90.49965874400004, 21.81150784400006]]], [[[90.43477582800006, 21.831723213000032], [90.43287358300006, 21.846118413000056], [90.45575791300007, 21.860303479000038], [90.45984415900006, 21.840882145000023], [90.43477582800006, 21.831723213000032]]], [[[90.43148297800008, 21.860395346000075], [90.41445136800007, 21.85933936200007], [90.43652870200003, 21.86903523700005], [90.43148297800008, 21.860395346000075]]], [[[90.47980701300008, 21.86886719900008], [90.48204738500004, 21.857243340000025], [90.46561, 21.85007138000003], [90.46521924700005, 21.863889189000076], [90.48389392700005, 21.888599682000063], [90.48645093200008, 21.872241889000065], [90.47980701300008, 21.86886719900008]]], [[[90.52717350500006, 21.88708059000004], [90.55092951300009, 21.870652687000074], [90.55728823400005, 21.859492069000055], [90.50356291200006, 21.866166704000022], [90.52717350500006, 21.88708059000004]]], [[[90.40604833100008, 21.876093251000043], [90.40787358700004, 21.887610410000036], [90.41808219900008, 21.89265236800003], [90.41646983500004, 21.884337851000055], [90.40604833100008, 21.876093251000043]]], [[[90.49286511200006, 21.87556956000003], [90.48828282400007, 21.891120631000035], [90.50010683800008, 21.910542925000073], [90.51161862100008, 21.891958025000065], [90.49286511200006, 21.87556956000003]]], [[[90.45435569600005, 21.894681366000043], [90.43536828400005, 21.883545603000073], [90.41733168100006, 21.881536637000067], [90.42260084300005, 21.896630449000043], [90.45968619900003, 21.911495095000078], [90.45435569600005, 21.894681366000043]]], [[[90.47423662900007, 21.903591790000064], [90.48356553200006, 21.92020169400007], [90.48643825200008, 21.921292892000054], [90.48377203200005, 21.913077663000024], [90.47423662900007, 21.903591790000064]]], [[[90.47861945500006, 22.04546676500007], [90.48453534500004, 22.032003684000074], [90.47511157700006, 22.050795401000073], [90.47913327200007, 22.06476716700007], [90.47861945500006, 22.04546676500007]]], [[[90.46910737300004, 22.05726664200006], [90.46948273800007, 22.054457006000064], [90.46801098500003, 22.05523789500006], [90.46910737300004, 22.05726664200006]]], [[[90.44288338900003, 22.055905492000022], [90.44821328300009, 22.058819253000024], [90.44422543100006, 22.054467645000045], [90.44288338900003, 22.055905492000022]]], [[[90.45089895200005, 22.056660564000026], [90.45843586100005, 22.067874148000044], [90.46014972400008, 22.062670343000036], [90.45089895200005, 22.056660564000026]]], [[[90.49830587100007, 22.138336237000033], [90.50538002000008, 22.136306624000042], [90.49844744800004, 22.134822047000057], [90.49830587100007, 22.138336237000033]]], [[[90.54866880900005, 22.569930043000056], [90.52845216700007, 22.594293698000058], [90.53375397700006, 22.578569643000037], [90.52325214400008, 22.578365071000064], [90.52033414500005, 22.637316359000067], [90.52576639800003, 22.64068852200006], [90.53538253200009, 22.640278420000072], [90.52740632700005, 22.61488098600006], [90.54866880900005, 22.569930043000056]]], [[[90.52352798800007, 22.640359343000057], [90.52187101500004, 22.700966299000072], [90.56529372900008, 22.699774286000036], [90.57159992600003, 22.667532829000038], [90.56625370700004, 22.64843615500007], [90.55862706000005, 22.648448233000067], [90.56619428300007, 22.65708604100007], [90.56355553300006, 22.657274603000076], [90.54938437800007, 22.64728519700003], [90.55277739600007, 22.65868638200004], [90.55281641100004, 22.668426170000032], [90.54617531500008, 22.64980581800006], [90.54136723900007, 22.671333444000027], [90.53410997200007, 22.67625769600005], [90.54083134100006, 22.666545745000064], [90.53874529800004, 22.64676234700005], [90.52352798800007, 22.640359343000057]]], [[[90.51866194100006, 22.71024774400007], [90.48494003700006, 22.753697586000044], [90.50161371900003, 22.774822421000067], [90.50167716600004, 22.79217477700007], [90.51454955200006, 22.801502923000044], [90.52928870200003, 22.786444697000036], [90.52129890000003, 22.759558179000067], [90.52442534900007, 22.714326812000024], [90.51866194100006, 22.71024774400007]]], [[[90.45235819100003, 22.767034459000058], [90.45738832900008, 22.76066245800007], [90.45752385400004, 22.754925737000065], [90.44279862800005, 22.759890836000068], [90.45235819100003, 22.767034459000058]]], [[[90.49314815500009, 22.80814891400007], [90.49344406700004, 22.818784098000037], [90.50704869000003, 22.81987650800005], [90.50515882400003, 22.81426594100003], [90.49314815500009, 22.80814891400007]]], [[[90.52346578100008, 22.882145611000055], [90.48620539100006, 22.845313132000058], [90.48241987700004, 22.854072432000066], [90.49466468800006, 22.866988812000045], [90.52346578100008, 22.882145611000055]]], [[[90.45837390800006, 23.004035282000075], [90.47431330000006, 22.990856176000023], [90.47361356800008, 22.982732232000046], [90.42505446800004, 22.989992143000052], [90.41300024500003, 22.999010526000063], [90.45837390800006, 23.004035282000075]]], [[[90.52565284400004, 23.05660739600006], [90.52803272600005, 23.057507866000037], [90.52661460200005, 23.05148971400007], [90.52565284400004, 23.05660739600006]]], [[[90.48260458300007, 23.065629976000025], [90.49851037500008, 23.06904484200004], [90.49781582600008, 23.048755603000075], [90.48739487900008, 23.05020910500008], [90.48260458300007, 23.065629976000025]]], [[[90.52857953600005, 23.06520174700006], [90.52417300100007, 23.061249161000035], [90.52360960400006, 23.06244623200007], [90.52857953600005, 23.06520174700006]]], [[[90.52819130700004, 23.071564660000035], [90.52263782800009, 23.07117832700004], [90.52242425300005, 23.07212243500004], [90.52819130700004, 23.071564660000035]]], [[[90.57703409600003, 21.883100897000077], [90.55681810500005, 21.880827732000057], [90.51713369800007, 21.891522671000075], [90.50669365200008, 21.916080393000072], [90.52984985800003, 21.957026322000047], [90.56807717800007, 21.988116217000027], [90.60284485000005, 21.973124519000066], [90.57703409600003, 21.883100897000077]]], [[[90.61104166500007, 21.90855233600007], [90.60456043600004, 21.90236146700005], [90.61003205200007, 21.96355830400006], [90.61721917000006, 21.968909402000065], [90.61104166500007, 21.90855233600007]]], [[[90.54533607900004, 21.985141170000077], [90.54963624800007, 21.983692619000067], [90.54369932400004, 21.979338066000025], [90.54533607900004, 21.985141170000077]]], [[[90.56538671200008, 22.000204131000032], [90.55461216600008, 21.997874489000026], [90.56565295200005, 22.009166954000023], [90.56538671200008, 22.000204131000032]]], [[[90.62070868800004, 21.986527222000063], [90.60621572500008, 21.977593687000024], [90.56713710000008, 21.992725569000072], [90.57823302800006, 22.020309789000066], [90.59430402300006, 22.029278098000077], [90.62070868800004, 21.986527222000063]]], [[[90.59106109400005, 22.06079648900004], [90.50405231600007, 21.958876282000062], [90.48468709500008, 22.013769583000055], [90.50549214700004, 22.02888533600003], [90.48761165300004, 22.025736556000027], [90.48125222800007, 22.047937853000064], [90.48513491000006, 22.073742034000077], [90.56686577600004, 22.179249793000054], [90.59990802300007, 22.188119009000047], [90.60783172600009, 22.10882797900007], [90.59106109400005, 22.06079648900004]]], [[[90.53713055900005, 22.176860757000043], [90.53820723200005, 22.189913819000026], [90.54389626400007, 22.20098037400004], [90.54272466100008, 22.179949691000047], [90.53713055900005, 22.176860757000043]]], [[[90.58723149600007, 22.238885844000038], [90.58534068200004, 22.21016153200003], [90.56648350100005, 22.19277633100006], [90.57566226600005, 22.20911760300004], [90.57935446100004, 22.22535821400004], [90.57802224200003, 22.234711795000067], [90.58723149600007, 22.238885844000038]]], [[[90.56747216500008, 22.203133318000027], [90.57824433000008, 22.228529450000053], [90.57463483900005, 22.209061382000073], [90.56747216500008, 22.203133318000027]]], [[[90.58895909900008, 22.24069600200005], [90.63164022800004, 22.242591606000076], [90.63253407400003, 22.212948994000044], [90.61852785400004, 22.197609383000042], [90.57740796800005, 22.191163216000064], [90.58601252500006, 22.205043851000028], [90.59203505100004, 22.227203787000064], [90.58895909900008, 22.24069600200005]]], [[[90.60903176600004, 22.483410092000042], [90.61020728900007, 22.472571077000055], [90.60105745100003, 22.466070632000026], [90.60671520200003, 22.47561479500007], [90.60903176600004, 22.483410092000042]]], [[[90.59782660800005, 22.542781584000068], [90.55728744900006, 22.567925115000037], [90.55252329500007, 22.586584869000035], [90.56513667000007, 22.587356847000024], [90.58852579100005, 22.57173693900006], [90.56821923800004, 22.570136802000036], [90.59269885400005, 22.569630311000026], [90.59872742600004, 22.565185991000078], [90.58211542500004, 22.562139977000072], [90.59331877400007, 22.564190319000033], [90.60701390600008, 22.554757736000056], [90.59819172300007, 22.55275172100005], [90.60557811600006, 22.55016218700007], [90.59782660800005, 22.542781584000068]]], [[[90.55231874100008, 22.612734121000074], [90.58396915300006, 22.584705017000033], [90.59230921800008, 22.572914921000063], [90.56520551000006, 22.588432176000026], [90.55036426200007, 22.58735732200006], [90.54187908800003, 22.60282673000006], [90.55231874100008, 22.612734121000074]]], [[[90.54470664300004, 22.614863571000058], [90.53437803600008, 22.611412140000027], [90.53328890100005, 22.618200340000044], [90.54470664300004, 22.614863571000058]]], [[[90.52915642700003, 22.725401348000048], [90.53754275900008, 22.708738065000034], [90.52646294200008, 22.708296978000078], [90.52915642700003, 22.725401348000048]]], [[[90.56473618500007, 22.739190119000057], [90.56120035400005, 22.70621889000006], [90.54865775800005, 22.703026403000024], [90.54278657700007, 22.740341735000072], [90.54950069800003, 22.760037256000032], [90.56288383400005, 22.771403319000058], [90.54594515900004, 22.757061899000064], [90.54134814900004, 22.734908990000065], [90.52989347700003, 22.74056709100006], [90.53650882400007, 22.75726297500006], [90.52806570800004, 22.754387963000056], [90.53495381100004, 22.77611519900006], [90.55468382000004, 22.791965953000044], [90.59942762600008, 22.80820028200003], [90.62375427200004, 22.80363939700004], [90.65651168700003, 22.782497186000057], [90.68058092300004, 22.69826547400004], [90.69811638800007, 22.676487748000056], [90.70039019700005, 22.65759598900007], [90.72608417900005, 22.62021284800005], [90.70912778800005, 22.619625005000046], [90.74000167400004, 22.61590045300005], [90.75129316200008, 22.605108106000046], [90.77411919600007, 22.516231479000055], [90.86517602400005, 22.423367163000023], [90.83637026700006, 22.343892793000066], [90.84066457700004, 22.26292714300007], [90.81054733100007, 22.124974853000026], [90.78098989700004, 22.07750559400006], [90.74075319400004, 22.053120793000062], [90.71109991200007, 22.016918541000052], [90.68458760000004, 21.999800150000056], [90.63002823500005, 21.993730968000023], [90.59637935400008, 22.037647569000058], [90.62332837800005, 22.11427589400006], [90.62295303000008, 22.168918977000033], [90.61236395800006, 22.16527798900006], [90.64607506300007, 22.208268141000076], [90.67220480600008, 22.26175138600007], [90.68435023300003, 22.330204130000027], [90.68130367400005, 22.370288360000075], [90.67996807100008, 22.359896654000067], [90.67454487200007, 22.367687271000023], [90.67797074800006, 22.392184970000073], [90.66799960300006, 22.54453555400005], [90.65710363900007, 22.556571418000033], [90.62153483100008, 22.56699056800005], [90.61982828500004, 22.58817367100005], [90.60958929500003, 22.601024221000046], [90.61569189600004, 22.618783569000072], [90.61738227800004, 22.63914806500003], [90.61127500100008, 22.655519946000027], [90.60543195500009, 22.661995470000022], [90.61573786900004, 22.638800383000046], [90.60840163500006, 22.60031168300003], [90.62183346000006, 22.558886519000055], [90.55442606600008, 22.614441842000076], [90.53354432300006, 22.62024900600005], [90.53670741800005, 22.631694276000076], [90.56727056300008, 22.645277571000065], [90.57744998000004, 22.658656964000045], [90.58020651200007, 22.652767271000073], [90.57211569400005, 22.713673262000043], [90.56351681300004, 22.705709667000065], [90.56473618500007, 22.739190119000057]]], [[[90.54064870000008, 22.79441930200005], [90.51413529800004, 22.804545440000027], [90.49438567500005, 22.803938854000023], [90.49476085600008, 22.80800079200003], [90.50634840900005, 22.81348528500007], [90.50907568200006, 22.818914190000044], [90.49766556400004, 22.827554622000036], [90.49719261100006, 22.839207587000033], [90.49628078100005, 22.827798048000034], [90.50067714700003, 22.822466113000075], [90.49396358600006, 22.819798191000075], [90.49124653000007, 22.817057865000038], [90.49006687500008, 22.811624177000056], [90.49405994900007, 22.799398548000056], [90.48565545400004, 22.79932866400003], [90.48962292300007, 22.845517769000026], [90.53279275500006, 22.888711262000072], [90.62134621300004, 22.870799222000073], [90.65141618400008, 22.848095753000052], [90.64386135100006, 22.83671178000003], [90.65633525800007, 22.84481171400006], [90.67609149100008, 22.816273677000027], [90.64513436500005, 22.806841899000062], [90.58573690400004, 22.812902809000036], [90.54064870000008, 22.79441930200005]]], [[[90.60103959400004, 22.884987271000057], [90.59920104200006, 22.89091158800005], [90.60193542800005, 22.896756528000026], [90.60649651200004, 22.88849349000003], [90.60103959400004, 22.884987271000057]]], [[[90.56772292900007, 22.889353689000075], [90.56861974800006, 22.898822497000026], [90.56034922000003, 22.89516401000003], [90.56574011100008, 22.901263303000064], [90.59693382200004, 22.911011289000044], [90.59691187300007, 22.883570475000056], [90.56772292900007, 22.889353689000075]]], [[[90.50777640200005, 23.033916779000037], [90.59081826300007, 22.93735767100003], [90.58821840800005, 22.92097194100006], [90.54869559500008, 22.89687752900005], [90.53951221400007, 22.896908964000033], [90.52699056200004, 22.941072099000053], [90.51486397000008, 22.955404319000024], [90.49711812500004, 22.958233591000067], [90.48129189300005, 22.978597809000064], [90.47571411400008, 23.007582789000026], [90.50777640200005, 23.033916779000037]]], [[[90.60174161500004, 23.009920452000074], [90.59883575200007, 23.006665978000058], [90.59760204300005, 23.01485242900003], [90.60174161500004, 23.009920452000074]]], [[[90.59629427100003, 23.016352350000034], [90.59035837600004, 23.004546782000034], [90.58959468100005, 23.024862408000047], [90.59629427100003, 23.016352350000034]]], [[[90.58736390600006, 22.99270354600003], [90.56870631800007, 23.031346760000076], [90.56683518000006, 23.043525672000044], [90.58866270600004, 23.02543440200003], [90.58736390600006, 22.99270354600003]]], [[[90.56520120100004, 23.034100323000075], [90.55869574400003, 23.037708474000056], [90.575338, 22.99982180300003], [90.54993610800005, 23.01897721100005], [90.56756805600008, 22.993874927000036], [90.54615842700008, 23.01101508800008], [90.54151329900003, 23.037560460000066], [90.54830779900004, 23.059733270000038], [90.56558434700008, 23.044929726000078], [90.56552837500004, 23.035174667000035], [90.55865843000004, 23.044340651000027], [90.56520120100004, 23.034100323000075]]], [[[90.53047261800003, 23.066706769000064], [90.53240223600005, 23.071282920000044], [90.53577861600007, 23.07104793800005], [90.53047261800003, 23.066706769000064]]], [[[90.74616736400009, 21.932117477000077], [90.76030603900006, 21.926746270000024], [90.76127193600007, 21.910822207000024], [90.74198724400009, 21.86697662000006], [90.72865305100004, 21.858335270000055], [90.71593712700007, 21.860446567000054], [90.71574567400006, 21.899075095000057], [90.74616736400009, 21.932117477000077]]], [[[90.61281776000004, 21.89570957500007], [90.63330155300008, 21.97523031000003], [90.70020846700004, 21.973954631000026], [90.68001200800006, 21.930344598000033], [90.64740070200008, 21.896724574000075], [90.62229893400007, 21.890749992000053], [90.61281776000004, 21.89570957500007]]], [[[90.70595512800008, 21.997085995000077], [90.69208203700003, 21.979935002000047], [90.67804454300006, 21.986734242000068], [90.70008627200008, 21.991995837000047], [90.70595512800008, 21.997085995000077]]], [[[90.72548305500004, 22.014250864000076], [90.71399137700007, 21.999871839000036], [90.71122681000008, 22.000600935000023], [90.71143921400005, 22.002034184000024], [90.72548305500004, 22.014250864000076]]], [[[90.67119256900008, 22.28963163000003], [90.67213449400003, 22.271796813000037], [90.66436988700008, 22.25901697300003], [90.67119256900008, 22.28963163000003]]], [[[90.61336148500004, 22.259952089000024], [90.63546261900007, 22.285084007000023], [90.64643767700005, 22.305118535000076], [90.64957996900006, 22.30415008500006], [90.65178281800007, 22.287588890000052], [90.61336148500004, 22.259952089000024]]], [[[90.67945307100007, 22.33003982100007], [90.67072679400007, 22.294246762000057], [90.67751422500004, 22.354188828000076], [90.67945307100007, 22.33003982100007]]], [[[90.67648086600008, 22.35614670800004], [90.67605934700003, 22.36200434500006], [90.67885290700008, 22.355120761000023], [90.67648086600008, 22.35614670800004]]], [[[90.66784795100006, 22.388566148000052], [90.66076811600004, 22.394872856000063], [90.66088237500009, 22.403888377000044], [90.66784795100006, 22.388566148000052]]], [[[90.66087803500005, 22.40772181500006], [90.66844124000005, 22.437583355000072], [90.67304389800006, 22.386427324000067], [90.66087803500005, 22.40772181500006]]], [[[90.66964443300003, 22.46010674100006], [90.66516442100004, 22.449273814000037], [90.66370794200003, 22.465367144000027], [90.66964443300003, 22.46010674100006]]], [[[90.64419669400007, 22.46240949500003], [90.64131418100004, 22.473081053000044], [90.63286431800003, 22.48124111100003], [90.64688625600007, 22.47673975200007], [90.64419669400007, 22.46240949500003]]], [[[90.64218807800006, 22.544463092000058], [90.64398818100005, 22.528546239000036], [90.63104550500003, 22.541399892000072], [90.64310974200004, 22.522587257000055], [90.64900796900008, 22.490474582000047], [90.63567722500005, 22.488950198000055], [90.60208509200004, 22.536356865000073], [90.62094323000008, 22.55325550400005], [90.64142507500009, 22.552840314000036], [90.62844919300005, 22.552464418000056], [90.61709710000008, 22.549525854000024], [90.63099737400006, 22.544985310000072], [90.62922513200004, 22.551326249000056], [90.65149667300005, 22.54959713200003], [90.65433800500006, 22.540885375000073], [90.64689640200004, 22.53327018400006], [90.64218807800006, 22.544463092000058]]], [[[90.66033757700006, 22.546361490000038], [90.65735834400004, 22.542071431000068], [90.65687577200003, 22.54888531200004], [90.66033757700006, 22.546361490000038]]], [[[90.71182082200005, 22.650474148000058], [90.70198772100008, 22.66132093400006], [90.70402613700008, 22.667143629000066], [90.70848559600006, 22.662917503000074], [90.71182082200005, 22.650474148000058]]], [[[90.71612618700004, 22.727984492000076], [90.72765025800004, 22.703766316000042], [90.72103019400004, 22.679226374000052], [90.69614657800008, 22.719394221000073], [90.70533298300006, 22.75233723100007], [90.72772494200007, 22.728828388000068], [90.71612618700004, 22.727984492000076]]], [[[90.68877400700006, 22.751450549000026], [90.69072681100005, 22.75544529700005], [90.69043929200006, 22.749471551000056], [90.68877400700006, 22.751450549000026]]], [[[90.68647956900008, 22.75641973200004], [90.67760924500004, 22.76058049200003], [90.68632003600004, 22.763112711000076], [90.68647956900008, 22.75641973200004]]], [[[90.67663897500006, 22.772833821000063], [90.68736334000005, 22.77852415800004], [90.68806124200006, 22.776370092000036], [90.67663897500006, 22.772833821000063]]], [[[90.67019189000007, 22.79534978500004], [90.65791979000005, 22.79501865700007], [90.67375621700006, 22.796768807000035], [90.67019189000007, 22.79534978500004]]], [[[90.67610032300007, 22.807574012000032], [90.65935029900004, 22.798466306000023], [90.64378616400006, 22.80517420500007], [90.66902346500007, 22.81046714200005], [90.67610032300007, 22.807574012000032]]], [[[90.68913545500004, 22.903749180000034], [90.68459075900006, 22.90319747600006], [90.68711768000009, 22.90616413200007], [90.68913545500004, 22.903749180000034]]], [[[90.66032227500006, 22.924202998000055], [90.66158641400006, 22.908136712000044], [90.65918523500005, 22.902458592000073], [90.64916691300004, 22.911486194000076], [90.65398857200006, 22.927049258000068], [90.65147955100008, 22.920367663000036], [90.64646365800007, 22.918093724000073], [90.65276311500008, 22.929778938000027], [90.66032227500006, 22.924202998000055]]], [[[90.67127214100003, 22.915696387000025], [90.67113267000008, 22.90828806600007], [90.66550384400006, 22.92848341900003], [90.67864851400003, 22.915091435000022], [90.67852825200004, 22.911745723000024], [90.67448464100005, 22.907939081000052], [90.67735665000004, 22.91476215800003], [90.67127214100003, 22.915696387000025]]], [[[90.68741660900008, 22.918433830000026], [90.68386613500007, 22.910845488000064], [90.67423741600004, 22.93323358500004], [90.67504829400008, 22.92761376900006], [90.66315348300003, 22.942242871000076], [90.66634541200006, 22.943518984000036], [90.68741660900008, 22.918433830000026]]], [[[90.67063085800004, 22.927931148000027], [90.67141494100008, 22.92995916900003], [90.66753749300005, 22.92854150100004], [90.67063085800004, 22.927931148000027]]], [[[90.64172145800006, 22.93015874400004], [90.63961553300004, 22.932366263000063], [90.64200587400006, 22.935798264000027], [90.64172145800006, 22.93015874400004]]], [[[90.65502627700005, 22.938899907000064], [90.65592899300003, 22.933446914000058], [90.65274376000008, 22.936423492000074], [90.65502627700005, 22.938899907000064]]], [[[90.64995908400005, 22.942763228000047], [90.65040918900007, 22.93974938300005], [90.64767636200008, 22.940238753000074], [90.64995908400005, 22.942763228000047]]], [[[90.82170774900004, 21.92844687300004], [90.80419271200003, 21.91529909700006], [90.83199069700004, 21.89888741900006], [90.82943720300005, 21.884195651000027], [90.81051746300005, 21.863310628000022], [90.76815921300005, 21.856847368000047], [90.78964677200008, 21.906644577000066], [90.80666403400005, 21.925090391000026], [90.82170774900004, 21.92844687300004]]], [[[90.78195556900005, 21.913703084000076], [90.77994345100007, 21.934556048000047], [90.82985624700007, 21.997462126000073], [90.81804708700008, 21.944840184000043], [90.79256166500005, 21.936981485000047], [90.78195556900005, 21.913703084000076]]], [[[90.86153245100007, 21.975691075000043], [90.85957093400003, 21.939226199000075], [90.84962829200003, 21.93894335500005], [90.85578772600007, 21.923518047000073], [90.84895570600008, 21.92054174200007], [90.83818482000004, 21.931640233000053], [90.83143731500007, 21.96528130400003], [90.83968466900006, 21.982066804000056], [90.85431895100004, 21.990739510000026], [90.86847421000004, 21.97512855100007], [90.86153245100007, 21.975691075000043]]], [[[90.75398163600005, 21.989982076000047], [90.76272490300005, 21.99548689100004], [90.77370245000003, 21.996869636000042], [90.76170186700006, 21.986217599000042], [90.75398163600005, 21.989982076000047]]], [[[90.84081760600009, 21.99166974600007], [90.83585788000005, 22.002498850000052], [90.83891010800005, 22.011566042000027], [90.84710830400007, 21.997851884000056], [90.84081760600009, 21.99166974600007]]], [[[90.78659568300009, 22.006345422000038], [90.76879753600008, 22.004589433000035], [90.77527024400007, 22.021195130000024], [90.78789124000008, 22.02515055200007], [90.78659568300009, 22.006345422000038]]], [[[90.75710522600008, 22.053268160000073], [90.73561629200003, 22.020884436000074], [90.72066039100008, 22.016000759000065], [90.74859580600008, 22.053832965000026], [90.75710522600008, 22.053268160000073]]], [[[90.88591366800006, 22.09183766900003], [90.89642958900004, 22.055305944000054], [90.88345437000004, 22.050978721000035], [90.88003987500008, 22.083503835000045], [90.88591366800006, 22.09183766900003]]], [[[90.89562630200004, 22.088827035000065], [90.88637005400005, 22.093323224000073], [90.88983927600003, 22.098467165000045], [90.89562630200004, 22.088827035000065]]], [[[90.89564832000008, 22.116696554000043], [90.87620730700007, 22.10064428100003], [90.89442046200008, 22.125403317000064], [90.89564832000008, 22.116696554000043]]], [[[91.01505079600008, 22.17566270100008], [91.01746720500006, 22.186968484000033], [91.01726291100005, 22.179726935000076], [91.01505079600008, 22.17566270100008]]], [[[90.98906619800005, 22.199760603000072], [90.91975113300003, 22.074922318000063], [90.90983644400006, 22.072444371000074], [90.89862207500005, 22.099539290000052], [90.89489263400009, 22.093823327000052], [90.90184791200005, 22.12681716700007], [90.95870351000008, 22.252811526000073], [90.97198582900006, 22.302159759000062], [90.96977710400006, 22.343138985000053], [90.97889458800006, 22.346334453000054], [90.98871797500004, 22.34388492000005], [91.00091440000006, 22.277987377000045], [90.98906619800005, 22.199760603000072]]], [[[90.90895187200005, 22.246778697000025], [90.89871386100003, 22.207446037000068], [90.89375402000007, 22.247054081000044], [90.91007463100004, 22.29725176200003], [90.90895187200005, 22.246778697000025]]], [[[91.01365796200008, 22.26984692700006], [91.01532635700005, 22.242632311000023], [91.01340940500006, 22.241213611000035], [91.00941331300004, 22.256773879000036], [91.01365796200008, 22.26984692700006]]], [[[90.93923985000004, 22.28393992200006], [90.93624038600007, 22.26158583800003], [90.92325588800009, 22.231544609000025], [90.93133336700004, 22.284415973000023], [90.93923985000004, 22.28393992200006]]], [[[90.87419989000006, 22.29230607200003], [90.87086724300008, 22.28916901300005], [90.86973549300006, 22.293047096000066], [90.87419989000006, 22.29230607200003]]], [[[90.87146525900005, 22.298630726000056], [90.87929285800004, 22.305830581000066], [90.87400263100005, 22.297756633000063], [90.87146525900005, 22.298630726000056]]], [[[91.01060689200006, 22.283535346000065], [91.00118869800008, 22.306108146000042], [90.99949522100007, 22.324426569000025], [91.01586638800006, 22.29703046000003], [91.01060689200006, 22.283535346000065]]], [[[90.96339795500006, 22.301341798000067], [90.96526377300006, 22.314954182000065], [90.96513486500004, 22.299993122000046], [90.96339795500006, 22.301341798000067]]], [[[90.94053616900004, 22.31256588900004], [90.92613135200008, 22.297877948000064], [90.93655317000008, 22.327742228000034], [90.94053616900004, 22.31256588900004]]], [[[91.01901275200004, 22.33230739800007], [91.02402640400004, 22.31672872400003], [91.01939718200003, 22.29281602100008], [91.00773262300004, 22.33393588900003], [91.01901275200004, 22.33230739800007]]], [[[90.93692395500005, 22.333285189000037], [90.92127388700004, 22.289540310000064], [90.91796015700004, 22.285543696000047], [90.91068191500005, 22.30379735500003], [90.93167305500003, 22.34722578900005], [90.93692395500005, 22.333285189000037]]], [[[90.88659768700006, 22.315542513000025], [90.87750892600008, 22.316308985000035], [90.88883350200007, 22.327863557000057], [90.89013456000004, 22.32642234900004], [90.88659768700006, 22.315542513000025]]], [[[90.85838154700008, 22.34028422600005], [90.85833636700005, 22.331613106000077], [90.85641221900005, 22.344673374000024], [90.85838154700008, 22.34028422600005]]], [[[90.87090188700006, 22.33398795000005], [90.86490939700008, 22.35787362900004], [90.88575757600006, 22.395859246000043], [90.88902538200006, 22.35592644700006], [90.89765810000006, 22.355783124000027], [90.87090188700006, 22.33398795000005]]], [[[90.95018039400009, 22.400992572000064], [90.97227792600006, 22.420598305000055], [90.99017511300008, 22.391004017000057], [90.99216375000003, 22.366132305000065], [90.96294580700004, 22.366117640000027], [90.95421874800007, 22.375108089000037], [90.95018039400009, 22.400992572000064]]], [[[90.93364830200005, 22.43367293800003], [90.93744741300009, 22.455783051000026], [90.95087613500004, 22.464541818000043], [90.96553641000008, 22.423782026000026], [90.94086533000007, 22.421202923000067], [90.93364830200005, 22.43367293800003]]], [[[90.90197031700006, 22.453021466000052], [90.89301050800003, 22.45120703300006], [90.89319828500004, 22.46439920800003], [90.90879738100006, 22.46679794100004], [90.90197031700006, 22.453021466000052]]], [[[90.86637974200005, 22.493752349000033], [90.85628660900005, 22.542181584000048], [90.90538855300008, 22.49626258400008], [90.86637974200005, 22.493752349000033]]], [[[90.91979228400004, 22.495576068000048], [90.87497720300007, 22.530863921000048], [90.84090845500003, 22.56999729100005], [90.85932739500004, 22.579562382000063], [90.89375066900004, 22.56028032100005], [90.93392740200005, 22.49373046100004], [90.91979228400004, 22.495576068000048]]], [[[90.85237090500004, 22.545596368000076], [90.84492605500003, 22.53574074100004], [90.84508932400007, 22.528712781000024], [90.84175155500003, 22.551053658000058], [90.85237090500004, 22.545596368000076]]], [[[90.74068749500003, 22.665790429000026], [90.74698062000004, 22.662713862000032], [90.74677327300003, 22.660145400000033], [90.74068749500003, 22.665790429000026]]], [[[90.73473134900007, 22.68775171300007], [90.74523920800004, 22.66839153600006], [90.73102619700006, 22.668982656000026], [90.73473134900007, 22.68775171300007]]]]}}, {"type": "Feature", "properties": {"division": "Sylhet"}, "geometry": {"type": "MultiPolygon", "coordinates": [[[[91.29286212000005, 22.717200586000047], [91.33841266400003, 22.732051381000076], [91.34865749500005, 22.715887327000075], [91.34317560700003, 22.68581308000006], [91.31818293400005, 22.649888908000037], [91.29598800800005, 22.672964466000053], [91.28651607600005, 22.699686878000023], [91.29286212000005, 22.717200586000047]]], [[[91.42204888900005, 22.748634399000025], [91.40718534100006, 22.765401062000024], [91.42412495700006, 22.757389483000054], [91.42204888900005, 22.748634399000025]]], [[[91.32930514500003, 22.853457966000065], [91.30966835700008, 22.84087091300006], [91.32519262900007, 22.837066441000047], [91.33200322500005, 22.820655491000025], [91.31248864600008, 22.819512017000022], [91.31345053200005, 22.80900798700003], [91.33119545400007, 22.785335151000027], [91.38453397700005, 22.765166161000025], [91.38436851300008, 22.75642129700003], [91.29890875600006, 22.74516096800005], [91.25885320600008, 22.697210203000054], [91.22656961000007, 22.720618565000052], [91.22867769900006, 22.714364957000043], [91.21085238000006, 22.712923631000024], [91.20679212400006, 22.725787704000027], [91.19649816600008, 22.732962887000042], [91.19309698100005, 22.732916617000058], [91.21143509500007, 22.704530633000047], [91.23315081800007, 22.70472318700007], [91.24832644700007, 22.680162519000078], [91.26378939700004, 22.683621119000065], [91.28213969300003, 22.642952335000075], [91.21874851000007, 22.662458728000047], [91.17207426200008, 22.706382248000068], [91.19412459900008, 22.74871796000008], [91.26097615200007, 22.735085397000034], [91.24913744900005, 22.753515633000063], [91.24046727400008, 22.754630676000033], [91.25854328900004, 22.772054444000048], [91.23702185300004, 22.798828136000054], [91.24675995200005, 22.834192491000067], [91.23576792600005, 22.879640169000027], [91.25484025300005, 22.889552609000077], [91.26554945600003, 22.881537524000066], [91.27634696000007, 22.899388355000042], [91.29982979100004, 22.894010254000023], [91.30808776300006, 22.90516248800003], [91.32214757400004, 22.902402573000074], [91.34111798900005, 22.91329467500003], [91.35286001700007, 22.897161281000024], [91.34357514100003, 22.896741036000037], [91.34458042000006, 22.881215161000057], [91.32846079400008, 22.88213361000004], [91.34305419100008, 22.877300305000063], [91.33717948000003, 22.862848463000034], [91.35240962000006, 22.86566188100005], [91.35193434500007, 22.85197805000007], [91.33930640900007, 22.860280742000043], [91.33677259000007, 22.844848925000065], [91.33101412800005, 22.845058055000038], [91.32930514500003, 22.853457966000065]]], [[[91.37704081100009, 22.78450880200006], [91.37947474000003, 22.779363851000028], [91.37394670900005, 22.780957986000033], [91.37704081100009, 22.78450880200006]]], [[[91.34453103000004, 22.78905203900007], [91.36785824200007, 22.801753576000067], [91.37681652000003, 22.785332362000077], [91.36521428100008, 22.777448382000046], [91.34453103000004, 22.78905203900007]]], [[[91.33816064300004, 22.820810223000024], [91.33538948100005, 22.818893568000078], [91.33599267900007, 22.82123795900003], [91.33816064300004, 22.820810223000024]]], [[[91.42805109300008, 24.10858722000006], [91.37453406600008, 24.107898085000045], [91.37707510800004, 24.079991738000047], [91.39653445100004, 24.049753640000063], [91.39080838200005, 24.02591135700004], [91.37324987500006, 24.00280370100006], [91.37946250900006, 23.975454907000028], [91.36158089700007, 23.986398733000044], [91.34116401400007, 23.982126040000026], [91.32998836200005, 23.992617100000075], [91.29651757600004, 23.998196851000046], [91.31164606900006, 24.039634443000068], [91.30358120600005, 24.043729331000065], [91.30406762400008, 24.05628975600007], [91.28406735600004, 24.06079138000007], [91.29313705700008, 24.09353717700003], [91.26764638500003, 24.093692549000025], [91.27080235600005, 24.11251069700006], [91.29246959100004, 24.117143981000027], [91.27160070000008, 24.123667167000065], [91.27171388100004, 24.14102043500003], [91.26176140000007, 24.14645486200004], [91.26833596800003, 24.148500004000027], [91.26697999800007, 24.158137431000057], [91.27527616100008, 24.15656074800006], [91.27721483900007, 24.18151825800004], [91.30524816800005, 24.19070591600007], [91.31274147800008, 24.18273643300006], [91.31266229200008, 24.203490445000057], [91.28536076500006, 24.19538968300003], [91.27725082200004, 24.20323098600005], [91.28380205900004, 24.217554326000027], [91.29813495800005, 24.21369303700004], [91.29853479400003, 24.223023270000056], [91.32401530800007, 24.22954225500007], [91.32516396200003, 24.260396678000063], [91.30138179000005, 24.26615580600003], [91.28370854900004, 24.24486752200005], [91.28599167100003, 24.22336904200006], [91.26695400900007, 24.223267892000024], [91.23533814100006, 24.23611591100007], [91.19488236800004, 24.239842943000042], [91.17744552400006, 24.256873780000035], [91.17355789400006, 24.26519860600007], [91.19306787700003, 24.279831787000035], [91.19593065100008, 24.293197318000068], [91.15857079100005, 24.28267413100008], [91.17656410500007, 24.321032235000075], [91.23496387800003, 24.31603613200008], [91.23456958100007, 24.33255627500006], [91.21246931800005, 24.360657670000023], [91.23051752500004, 24.36594413800003], [91.24297533100008, 24.379545733000043], [91.25576715600005, 24.379466223000065], [91.23751785600007, 24.406785183000068], [91.21954256500004, 24.409537476000025], [91.22099290800008, 24.402170991000048], [91.21395224700007, 24.402394100000038], [91.21710544600006, 24.432475965000037], [91.24212198200007, 24.42725170400007], [91.22604423100006, 24.48272201800006], [91.21469595200006, 24.482208098000058], [91.21980801000007, 24.474795241000038], [91.20532080800007, 24.480937656000037], [91.19610845800008, 24.466074438000078], [91.18409898800007, 24.47118208200004], [91.19525533600006, 24.47812336100003], [91.19163918800007, 24.481745501000034], [91.16682074900007, 24.485456646000046], [91.15007198200004, 24.479093242000033], [91.16930253500004, 24.500732920000075], [91.17906708600003, 24.494422538000038], [91.19097831500005, 24.500764408000066], [91.22241103400006, 24.54117473900004], [91.23396119200004, 24.56896290700007], [91.20604983800007, 24.577036876000022], [91.20706454800006, 24.585929287000056], [91.19672121700006, 24.588805612000044], [91.20430858000003, 24.59418307800007], [91.20002492000003, 24.60941196500005], [91.17885034600005, 24.616564333000042], [91.17825978900004, 24.630293420000044], [91.19371311000003, 24.625854489000062], [91.20473913300003, 24.63178470500003], [91.20987672600006, 24.65246342100005], [91.22605044900007, 24.650568061000058], [91.23274113600007, 24.666434710000033], [91.22252540000005, 24.669382469000027], [91.22381697100008, 24.675215061000074], [91.23858908200003, 24.675035825000066], [91.24087651700006, 24.692093535000026], [91.21972071600004, 24.70238752100005], [91.22658525200006, 24.706631618000074], [91.22527540400006, 24.727513266000074], [91.20684386900007, 24.708984920000034], [91.18026794000008, 24.72408045800006], [91.16892506800008, 24.724956064000025], [91.16305368900004, 24.71672151000007], [91.15874805700008, 24.724900723000076], [91.14132690600007, 24.72420917900007], [91.15177275500008, 24.730043598000066], [91.14726217900005, 24.746724966000045], [91.15553930000004, 24.740962141000068], [91.15933704100007, 24.74810679600006], [91.13530956200003, 24.75741192600003], [91.15851365500004, 24.764817437000033], [91.17120756600008, 24.77993630900005], [91.16796680300007, 24.791931717000068], [91.16049895500004, 24.79193111400008], [91.17214863800007, 24.80962130200004], [91.17068783700006, 24.82696161000007], [91.15382283000008, 24.837908610000056], [91.14285067800006, 24.82635524600005], [91.15272993200006, 24.809241685000075], [91.14455762600005, 24.794589682000037], [91.13041131000006, 24.792843744000038], [91.11248704800005, 24.817060713000046], [91.12071595700007, 24.83761758600008], [91.13041208200008, 24.840565173000073], [91.11381036500006, 24.847542650000037], [91.09844576500006, 24.889586636000047], [91.08880545600005, 24.887581457000067], [91.07842042100003, 24.90002830900005], [91.05384077300005, 24.900581541000065], [91.04513529600007, 24.908135111000036], [91.02931047400006, 24.88302171500004], [91.01651023700003, 24.885728246000042], [91.01560041000005, 24.898552491000032], [90.99805530300006, 24.89213513900006], [90.99286753400008, 24.914100639000026], [90.97064717800004, 24.917023778000043], [90.96464830800005, 24.911388206000026], [90.95341560000008, 24.918929751000064], [90.95525789700008, 24.939544039000054], [90.94913873600007, 24.93967626500006], [90.96338692700004, 24.94187404200005], [90.97317249500009, 24.95842353000006], [90.96003565500007, 24.972781312000052], [90.94365821000008, 24.97592475400006], [90.94742654700008, 25.00475456600003], [90.93407083400007, 25.017738931000054], [90.93787852800006, 25.028199201000064], [90.96502914700005, 25.035700588000054], [90.93286427100008, 25.04486070300004], [90.92878712500004, 25.06312018400007], [90.93573783700003, 25.065766446000055], [90.92779547700007, 25.07822337500005], [90.94417586900005, 25.081563996000057], [90.95656635600005, 25.070438945000035], [90.97466440600004, 25.074280415000032], [90.97108766900004, 25.095418781000035], [90.94742263700005, 25.113832652000042], [90.95589987900007, 25.119526534000045], [90.95222649100003, 25.14921719700004], [90.97026229400007, 25.160580280000033], [90.96484836000008, 25.17187864600004], [91.06780835700005, 25.191642006000052], [91.06957432200005, 25.19852065500004], [91.12517294500003, 25.194120446000056], [91.19461246700007, 25.20192531600003], [91.25074565500006, 25.19577577900003], [91.26794715300008, 25.20736202200004], [91.29214076200003, 25.193437364000033], [91.28664613900008, 25.18557859300006], [91.29240728500008, 25.183923254000035], [91.35366493500004, 25.171333971000024], [91.36372813900005, 25.17816547600006], [91.36844047300008, 25.170823902000052], [91.39854965000006, 25.164571697000042], [91.41084653800004, 25.16378031200003], [91.41456896700004, 25.17124231500003], [91.44049313800008, 25.14975450600008], [91.46854994700004, 25.15192257600006], [91.46415891000004, 25.13491298300005], [91.47055101300003, 25.133748268000033], [91.49959242000006, 25.13554714600008], [91.50946733200004, 25.147551044000068], [91.55714698500003, 25.149845921000065], [91.56298986600007, 25.160771840000052], [91.57625870300006, 25.160034048000057], [91.57146802300008, 25.165374693000047], [91.57697016600008, 25.172102362000032], [91.60935705300005, 25.177136227000062], [91.61536176900006, 25.169770044000074], [91.60396860300006, 25.16755356500005], [91.60160490000004, 25.143699706000064], [91.62141264200005, 25.143515566000076], [91.62692184500008, 25.12552581700004], [91.69163528300004, 25.13721705000006], [91.70374870000006, 25.15102997300005], [91.71900892300005, 25.12963800400007], [91.72790502500004, 25.12911865500007], [91.71850192700003, 25.092722759000026], [91.73499063600008, 25.06536378900006], [91.70978761400005, 25.06631587100003], [91.68643195500005, 25.057170218000067], [91.68741472600004, 25.041445947000057], [91.67213348600006, 25.03917255500005], [91.68098437100008, 25.02451910600007], [91.66783584700005, 25.020143318000066], [91.69663251500003, 24.997739116000048], [91.66575818900009, 24.99958855600005], [91.66927106600008, 24.994835066000064], [91.70238849100008, 24.98178809700005], [91.70818020400009, 24.972468545000027], [91.73665316600005, 24.99113219800006], [91.74036835200008, 25.005131436000056], [91.77560606900005, 25.02096360300004], [91.78380736000008, 25.006618152000044], [91.79823544600004, 25.00618762000005], [91.81178067500008, 25.018729859000075], [91.83801319700007, 25.01477960400007], [91.84295287000003, 25.026390109000033], [91.85495012300004, 25.026614938000023], [91.84250749400007, 25.055682216000037], [91.85813614100005, 25.083522255000048], [91.84319073400007, 25.092711911000038], [91.85709432400006, 25.10455246500004], [91.84909679500004, 25.11070005700003], [91.85700455500006, 25.122067853000033], [91.84359941600007, 25.136763535000057], [91.84880375800003, 25.17362448700004], [91.91616029200009, 25.18147977500007], [91.98050708600005, 25.171788424000056], [92.00341755900007, 25.186241394000035], [92.02611074100008, 25.17930566900003], [92.05700502300004, 25.186695393000036], [92.06241106200008, 25.164293520000058], [92.04923108400004, 25.157467505000056], [92.05074858600005, 25.14018749300004], [92.07096152700007, 25.13269800100005], [92.07105199000006, 25.123143692000042], [92.08859120900007, 25.107052013000043], [92.08922674200005, 25.08986547300003], [92.12029818000008, 25.089162178000038], [92.07461844500006, 25.054890753000052], [92.07495623400007, 25.04261908700005], [92.08411908300008, 25.03624505700003], [92.07267930600005, 25.020051584000043], [92.04961360400006, 25.01866868700006], [92.04858915800008, 25.03688430300008], [92.01987470400007, 25.01946119300004], [92.01555994100005, 25.007704423000064], [92.00478086400005, 25.007089590000078], [91.99059647200005, 24.972235415000057], [91.98134209200003, 24.979854148000072], [91.97612034000008, 24.968258653000078], [91.95904357400008, 24.972291855000037], [91.95172430700006, 24.950265357000035], [91.96324886400004, 24.94872077900004], [91.96256081900003, 24.95798050600007], [91.97502395800007, 24.948820126000044], [91.98402953500005, 24.95312683000003], [91.99324163300008, 24.920471380000038], [92.00975719300004, 24.917181335000066], [91.98896132900006, 24.908596713000065], [91.96669628400008, 24.885632971000064], [91.95256587000006, 24.892636302000028], [91.93915597800003, 24.887736390000043], [91.93771320300004, 24.864407714000038], [91.92708337900007, 24.866782545000035], [91.93257777800005, 24.851896026000077], [91.91937364200004, 24.842119640000078], [91.93145555400008, 24.837132817000054], [91.94100993100005, 24.811909485000058], [91.95755820300008, 24.815116491000026], [91.96690049400007, 24.807982577000075], [91.96269871400006, 24.79510524500006], [91.97055134300007, 24.791203521000057], [91.95843007900004, 24.780821373000038], [91.95665991100003, 24.75905487600005], [91.96439750700006, 24.757197645000076], [91.95814003000004, 24.74609725700003], [91.96613884900006, 24.73100715000004], [91.98570540200006, 24.733955266000066], [91.99654691500007, 24.72565678500007], [91.98556669700008, 24.715373637000027], [92.01169014500005, 24.712565383000026], [92.03107615500005, 24.69953708500003], [92.03991749000005, 24.706782668000073], [92.04677909600008, 24.69719143900005], [92.05965299700006, 24.71021376400006], [92.05769518400007, 24.728627221000067], [92.06330428000007, 24.718357884000056], [92.08047012700007, 24.723547410000037], [92.08150509100005, 24.77025412000006], [92.06773669000006, 24.777699152000025], [92.06699036600008, 24.786775420000026], [92.07124482700004, 24.793314613000064], [92.08411116300005, 24.782804502000033], [92.07888198400008, 24.795477418000075], [92.09227136600003, 24.806697537000048], [92.08522999500008, 24.81584650800005], [92.09746540200007, 24.82291254300003], [92.09390266500009, 24.82835526300005], [92.10475411600004, 24.84111482900005], [92.09128652800007, 24.85191175700004], [92.09869433200004, 24.87109147500007], [92.06875237100007, 24.86530757400004], [92.07429236000007, 24.875459957000032], [92.06819246200007, 24.899011533000078], [92.05529699700008, 24.888178485000026], [92.01933723400003, 24.887954098000023], [92.03169617700007, 24.913422987000047], [92.02070883000005, 24.924347904000058], [92.02156116100008, 24.936806282000077], [92.04218057300005, 24.96199673600006], [92.05862843400007, 24.965268327000047], [92.06566039400008, 24.984399256000074], [92.13553211600004, 24.991428205000034], [92.15368127600004, 25.005093541000065], [92.15180113800005, 25.01586123900006], [92.17394752000007, 25.055062203000034], [92.20037358800005, 25.06435467800003], [92.20621834600007, 25.046414079000044], [92.22005500400007, 25.048931673000027], [92.22891509000004, 25.058285983000076], [92.20149251600003, 25.067419603000076], [92.21672918800004, 25.084979361000023], [92.21292846100005, 25.09513079800007], [92.23116115500005, 25.097135441000034], [92.31054726300005, 25.06916861800005], [92.33284788400005, 25.079000762000078], [92.34776950600008, 25.074132563000035], [92.34140744900003, 25.048663457000032], [92.36290780700006, 25.050021722000054], [92.36962099900006, 25.040999561000035], [92.42521962000006, 25.02965947900003], [92.41433606300006, 24.99031510100008], [92.42204810300007, 24.988488619000066], [92.42068673600005, 24.966086575000077], [92.45738990800004, 24.970679715000074], [92.46831176500007, 24.962731982000037], [92.44965265900004, 24.950124928000037], [92.44915405200004, 24.938900755000077], [92.48763854800006, 24.94667352600004], [92.48393657000008, 24.92860451300004], [92.49672878000007, 24.902214052000033], [92.49190875500005, 24.877963153000053], [92.47618090800006, 24.868282747000023], [92.44517311800007, 24.87309640500007], [92.43642184300006, 24.857200313000078], [92.40720589500006, 24.86012933300003], [92.40021766000007, 24.849690246000023], [92.38590413800006, 24.853331533000073], [92.37541669600006, 24.87448483000003], [92.36319083000006, 24.872593857000027], [92.34750536500007, 24.893367390000037], [92.33966163200006, 24.878344329000072], [92.32637718900008, 24.896000181000034], [92.30717618500006, 24.901741453000056], [92.30065525200007, 24.91567087100003], [92.28003239500003, 24.905697402000044], [92.23474997200003, 24.90394574000004], [92.23653271600006, 24.892097351000075], [92.24802590400003, 24.885626219000073], [92.24618573500004, 24.867613839000057], [92.23485021900007, 24.861504711000066], [92.24138736400005, 24.842142215000024], [92.25487375600005, 24.838576665000062], [92.24900527400007, 24.82987483000005], [92.27298796600007, 24.827570132000062], [92.27304297600006, 24.800323346000027], [92.28883247100003, 24.784631638000064], [92.28015385100008, 24.766331064000042], [92.28886171400006, 24.761162281000054], [92.27895819500009, 24.745724266000025], [92.29588223900004, 24.73663313800006], [92.25433826300008, 24.678179860000057], [92.23529115400004, 24.597638484000072], [92.23102881000005, 24.531019206000053], [92.21253438000008, 24.503768367000077], [92.16939743200004, 24.531877145000067], [92.15485826600008, 24.52311891100004], [92.15903502700007, 24.507333946000074], [92.15040030800009, 24.495367006000038], [92.16904408100004, 24.427910964000034], [92.16384066300003, 24.41849796400004], [92.13669930100008, 24.42509768000008], [92.13489873900005, 24.406971944000077], [92.11883578700008, 24.390158392000046], [92.12165015600004, 24.38226661300007], [92.10182105400008, 24.38284788800007], [92.09032586200004, 24.371765476000064], [92.04395738600005, 24.374993422000045], [92.01999061700008, 24.386691159000065], [92.00691824100005, 24.38168143200005], [91.99650148300003, 24.393875491000074], [91.98568735000003, 24.37700420500005], [91.97191653000004, 24.384879127000033], [91.96685129300005, 24.379814547000024], [91.99629487600004, 24.33811084000007], [91.99585731400003, 24.322179034000044], [91.97704300400005, 24.327567870000053], [91.96891876200004, 24.350276286000053], [91.95666692700007, 24.35681706200006], [91.94127488900006, 24.342721768000047], [91.91989658800009, 24.33760118300006], [91.94074254600008, 24.268238576000044], [91.90570151800006, 24.138815699000077], [91.88456388400004, 24.138759407000066], [91.87391433800008, 24.174618259000056], [91.84797547500006, 24.184956267000075], [91.84190256600004, 24.20148148900006], [91.85508503000005, 24.21320568400006], [91.84298038100007, 24.220375070000046], [91.84572755800008, 24.225054673000045], [91.81619179900008, 24.210114263000037], [91.74497450800004, 24.24708623300006], [91.75918134900007, 24.14156633600004], [91.72832924300008, 24.143407074000038], [91.72169264900003, 24.152617982000038], [91.70600578400007, 24.154413886000043], [91.70328247100008, 24.163678677000064], [91.68819973600006, 24.162219220000054], [91.66690870300005, 24.21066013500007], [91.66534360000009, 24.23365543700004], [91.64715433400005, 24.21532329000007], [91.66006899200005, 24.189667689000032], [91.65503160000009, 24.17580766900005], [91.64668278200008, 24.17875626400007], [91.64652755200007, 24.156755962000034], [91.63435922400004, 24.13817814400005], [91.63786816300006, 24.103065955000034], [91.61120045400008, 24.091816055000038], [91.59445536500004, 24.09665278400007], [91.59843216700006, 24.08460709700006], [91.59236102700004, 24.07571507600005], [91.54521117600007, 24.074345314000027], [91.47310811900007, 24.101907536000056], [91.44212846000005, 24.097447791000036], [91.42805109300008, 24.10858722000006]], [[91.46687683300007, 25.01505762100004], [91.44996538700008, 25.00220837100005], [91.44350661700008, 25.005391388000078], [91.44381381300008, 24.99765988400003], [91.40773069600004, 24.99600178600008], [91.40659111500008, 24.96823015900003], [91.39315135100009, 24.964829957000063], [91.39359898700008, 24.949274739000032], [91.38170665100006, 24.96157424300003], [91.36703333500003, 24.961211355000046], [91.36601785800008, 24.96836925100007], [91.35476476500008, 24.96454929400005], [91.34684514100007, 24.952287842000032], [91.35249972500009, 24.949099385000068], [91.33157876000007, 24.934319525000035], [91.33286348300004, 24.922447574000046], [91.32460954400005, 24.937559515000032], [91.30051690400006, 24.940044400000033], [91.32465645300005, 24.95241966900005], [91.31399603000006, 24.958409346000053], [91.31954095200007, 24.960793248000073], [91.31542995100006, 24.976302505000035], [91.32314443600006, 24.97890012700003], [91.30729283300008, 24.98541006800008], [91.30449411000006, 24.968332988000043], [91.28675192100008, 24.96722548300005], [91.28131309600008, 24.95604615700006], [91.28920465900006, 24.950867223000046], [91.27998104300008, 24.944443641000078], [91.29384400200007, 24.913203972000076], [91.27376361800003, 24.891402748000075], [91.29853134500007, 24.879816807000054], [91.31632074300006, 24.888834092000025], [91.33788461100005, 24.855172543000037], [91.36852916800007, 24.85903785200003], [91.35889831500003, 24.84630193600003], [91.38359688100007, 24.835222199000043], [91.38670423800005, 24.84191483500007], [91.40696659000008, 24.834229745000073], [91.41958671600008, 24.844585823000045], [91.43335687200005, 24.836418657000024], [91.46388006000006, 24.838906128000076], [91.46618974400008, 24.846449017000054], [91.51392291700006, 24.83032179500003], [91.51102675700008, 24.857745455000043], [91.49839775800007, 24.866158219000056], [91.50176562100006, 24.88190251900005], [91.49233306000008, 24.891210415000046], [91.50621585900006, 24.898351327000057], [91.52672821300007, 24.895273778000046], [91.52974442300007, 24.90807392800008], [91.48754656700004, 24.949208159000023], [91.48348412600006, 24.959481079000057], [91.49062682500005, 24.98041510200005], [91.46687683300007, 25.01505762100004]], [[91.66159106800006, 24.62787701800005], [91.66760173700004, 24.607132687000046], [91.66139477200005, 24.59241781000003], [91.63307278700006, 24.595260994000057], [91.63158091000008, 24.58849225800003], [91.62120601000004, 24.601880755000025], [91.60831341100004, 24.585910795000075], [91.62972290600004, 24.587417585000026], [91.62419762400003, 24.578100950000078], [91.63152491100004, 24.577503129000036], [91.63482002100005, 24.56478636500003], [91.64389010500008, 24.566213049000055], [91.64117346500007, 24.556470757000056], [91.65446264800005, 24.546276485000078], [91.63519233100004, 24.543920177000075], [91.63543473000004, 24.51977940200004], [91.62052567400008, 24.517353938000042], [91.61016147200007, 24.49225028400008], [91.61184824100008, 24.471738310000035], [91.63318311300009, 24.46581504100004], [91.63374705100006, 24.445054889000062], [91.65647093400008, 24.419143426000062], [91.64394414500003, 24.41444986600004], [91.64976403200006, 24.40501854200005], [91.67112152600004, 24.404570411000066], [91.68907978000004, 24.41368594000005], [91.69284271000004, 24.40110224800003], [91.70828420400005, 24.40722782200004], [91.71466950100006, 24.399621891000038], [91.75569626500004, 24.401223894000054], [91.77219827000005, 24.40851950900003], [91.78738336800006, 24.402783069000066], [91.79037135500005, 24.41784812000003], [91.78249162400004, 24.42764727900004], [91.79429411500007, 24.426694585000064], [91.79501657200007, 24.44232973000004], [91.78626758300004, 24.445202960000074], [91.78763462300003, 24.465148600000077], [91.80358886800008, 24.459678263000058], [91.80273066400008, 24.450147251000033], [91.82177823000006, 24.46762099700004], [91.83051102900004, 24.460857867000072], [91.83418525600007, 24.475656574000027], [91.82172682800007, 24.484006591000025], [91.82501705000004, 24.496437264000065], [91.81367126700007, 24.49255449800006], [91.81483203000005, 24.499742694000076], [91.80597873600004, 24.502242076000073], [91.81268364500005, 24.51398318500003], [91.80377124200004, 24.515093320000062], [91.79792332100004, 24.537980031000075], [91.76672792900007, 24.550482490000036], [91.76276273500008, 24.573946437000075], [91.74654065600004, 24.569587111000033], [91.75115075600007, 24.585706035000044], [91.73938732000005, 24.586752059000048], [91.73655063000007, 24.59781984700004], [91.72516017300006, 24.59352834500004], [91.68719988500004, 24.604641703000027], [91.67504173200007, 24.631196647000024], [91.66159106800006, 24.62787701800005]]]]}}, {"type": "Feature", "properties": {"division": "Chattogram"}, "geometry": {"type": "MultiPolygon", "coordinates": [[[[90.64386135100006, 22.83671178000003], [90.65141618400008, 22.848095753000052], [90.65633525800007, 22.84481171400006], [90.64386135100006, 22.83671178000003]]], [[[90.69922926700008, 22.868217107000078], [90.70086522000008, 22.865389857000025], [90.69901173200003, 22.866067032000046], [90.69922926700008, 22.868217107000078]]], [[[90.71857473400007, 22.878408398000033], [90.72473861600008, 22.873408805000054], [90.72488855000006, 22.872500289000072], [90.72184710400006, 22.87284834700006], [90.71857473400007, 22.878408398000033]]], [[[90.71453356100005, 22.885794843000042], [90.71083143900006, 22.89366125300006], [90.71192947600008, 22.894355844000074], [90.71453356100005, 22.885794843000042]]], [[[90.72632264700007, 22.883590412000046], [90.72146214700007, 22.891200947000073], [90.72797873500008, 22.87969915000008], [90.72137112000007, 22.880087763000063], [90.71378501100008, 22.895524091000027], [90.72491585000006, 22.903455052000027], [90.72896050900005, 22.897191274000022], [90.73614725000004, 22.890370891000032], [90.72632264700007, 22.883590412000046]]], [[[90.68459075900006, 22.90319747600006], [90.69159435400007, 22.899529605000055], [90.68396700400007, 22.895231198000033], [90.68459075900006, 22.90319747600006]]], [[[90.61238415500009, 23.016795655000067], [90.61283117100004, 23.035674865000033], [90.61402013400004, 23.03595705600003], [90.61238415500009, 23.016795655000067]]], [[[90.59574162000007, 23.020365153000057], [90.58944309700007, 23.041480584000055], [90.59479336000004, 23.04695778200005], [90.59887107800006, 23.034693465000032], [90.60838643800008, 23.029238977000034], [90.60174161500004, 23.009920452000074], [90.58959468100005, 23.024862408000047], [90.59004271200007, 23.030962071000033], [90.59574162000007, 23.020365153000057]]], [[[90.58015177000004, 23.057886378000035], [90.58866270600004, 23.02543440200003], [90.56683518000006, 23.043525672000044], [90.56885083600008, 23.057628788000045], [90.58015177000004, 23.057886378000035]]], [[[90.69782743300004, 23.06199497700004], [90.66245774800007, 23.050689328000033], [90.66661721900005, 23.031474923000076], [90.65779847500005, 23.023387710000065], [90.66967523400007, 23.01545372700008], [90.66081937400008, 23.013212343000077], [90.64654932200006, 22.984368093000057], [90.64323243300004, 23.108132428000033], [90.65022695200008, 23.123870277000037], [90.64374140400008, 23.116955592000068], [90.64035257300009, 23.143306734000078], [90.65019594900008, 23.126937100000077], [90.63821668500003, 23.16784212600004], [90.64301983200005, 23.18270095200006], [90.63711624900003, 23.227619034000043], [90.66029609100008, 23.245304514000054], [90.66532226700008, 23.27310208600005], [90.63925470600003, 23.334344875000056], [90.64951636800004, 23.33697973900007], [90.67057731500006, 23.318915876000062], [90.67860421800003, 23.31989694200007], [90.68309661300003, 23.325879660000055], [90.69340244600005, 23.29397828200007], [90.70342494000005, 23.297214222000036], [90.70392748500007, 23.287946659000056], [90.71317912900008, 23.29474489000006], [90.72513645500004, 23.276866865000045], [90.74343507900005, 23.274471706000043], [90.74335687600006, 23.266103857000076], [90.77501023900004, 23.251474834000078], [90.77555733600008, 23.243175629000064], [90.79043868200006, 23.242185780000057], [90.78776022600005, 23.223632028000054], [90.79780432600006, 23.215205276000063], [90.81485194200008, 23.22519546600006], [90.82901821400009, 23.212850025000023], [90.83624567600003, 23.218247132000045], [90.84853593200006, 23.193887548000077], [90.87204479100006, 23.188519007000025], [90.87401326600008, 23.17342536500007], [90.89149193300005, 23.17197137000005], [90.90196849900008, 23.162305029000038], [90.89956197600009, 23.184639351000044], [90.90769922200008, 23.20115149700007], [90.93163264100008, 23.21080108500007], [90.93249468500005, 23.220516016000033], [90.91881158200005, 23.220026964000056], [90.87459129400008, 23.243868733000056], [90.91031255000007, 23.262676286000044], [90.91393672400005, 23.280096826000033], [90.90785156100009, 23.284607711000035], [90.91450770600005, 23.292207640000072], [90.89754466400007, 23.29418380000004], [90.88919544400005, 23.308395892000078], [90.87349761200005, 23.305228511000053], [90.86515485600006, 23.319523462000063], [90.84424797600008, 23.316403858000058], [90.82953258400005, 23.333256340000048], [90.80970301100007, 23.333730993000074], [90.80727906100003, 23.34768970300007], [90.81483168300008, 23.345974487000035], [90.79224722700008, 23.391058705000034], [90.79896360400005, 23.395701087000077], [90.79001986300005, 23.42302513800007], [90.79441159100008, 23.433665650000023], [90.77103887300007, 23.44927573500007], [90.77004330900007, 23.436810222000076], [90.74531149400008, 23.403148651000038], [90.75378259000007, 23.39712002500005], [90.75205829800007, 23.38269659200006], [90.73002815200005, 23.380121126000063], [90.72704186500005, 23.368230080000046], [90.73669570500005, 23.36268803100006], [90.73056889300005, 23.35525074000003], [90.72013536300005, 23.35393516000005], [90.72426324800006, 23.364641215000063], [90.70743099000003, 23.373114603000033], [90.70458539300006, 23.352251331000048], [90.66776352100004, 23.355469163000066], [90.66402243000005, 23.327273658000024], [90.68065834500004, 23.323054564000074], [90.67042371600007, 23.320589281000025], [90.66464618900005, 23.32448836900005], [90.65495088200004, 23.33686113500005], [90.65019677300006, 23.338601678000032], [90.63812877900006, 23.337073969000073], [90.62626533000008, 23.355637302000048], [90.63235458300005, 23.336476386000072], [90.61121002100003, 23.34750635200004], [90.60698794200005, 23.340872957000045], [90.59058477100007, 23.343204601000025], [90.59067372200008, 23.335945844000037], [90.57606171800006, 23.35800362200007], [90.54681308400006, 23.367417422000074], [90.53900472100008, 23.391194034000023], [90.57762351500008, 23.45149069300004], [90.58428423200007, 23.480163232000052], [90.57695130100007, 23.496028159000048], [90.60141185000003, 23.498070752000046], [90.61302998800005, 23.490430751000076], [90.64131842800003, 23.503704862000063], [90.68210923200007, 23.48950579800004], [90.71064085400008, 23.507770683000047], [90.68762381100004, 23.55664930100005], [90.66937067900005, 23.571057793000023], [90.64721420900008, 23.575709635000067], [90.64672929600005, 23.588619600000072], [90.66655355400007, 23.58891742700007], [90.66617076200004, 23.596325655000044], [90.65305367500008, 23.62040421200004], [90.62995024400004, 23.620819235000056], [90.63970671800007, 23.674161887000025], [90.65757722500007, 23.67169293200004], [90.67561648600008, 23.68013279200005], [90.70795255600007, 23.662543096000036], [90.73323046700006, 23.66794314200007], [90.74098647800008, 23.69779894100003], [90.72486515300005, 23.718370486000026], [90.72308404700004, 23.745273289000068], [90.76665659400004, 23.80464284800007], [90.75949779700005, 23.84847512400006], [90.76420905700007, 23.862324396000076], [90.83251558000006, 23.86307611700005], [90.85843775200004, 23.87903641400004], [90.89476505700009, 23.863188184000023], [90.90876724100008, 23.867637869000077], [90.93119637200004, 23.911441870000033], [90.95039825600008, 23.92635129400003], [90.95306409700004, 23.95387661600006], [90.97169883200007, 23.967659912000045], [90.97382229000004, 23.98848440000006], [90.96587687900006, 24.005404919000057], [90.97515955700004, 24.02122459700007], [91.00341898300007, 24.046660807000023], [91.03787384400005, 24.063198286000045], [91.05354856600007, 24.084482811000044], [91.04423118500006, 24.109925635000025], [90.99702794800004, 24.138444551000077], [90.98587591600005, 24.15674494500007], [91.04283061500007, 24.21299439200004], [91.08996626000004, 24.211326086000042], [91.07878026500003, 24.228496386000074], [91.08510332200007, 24.241120816000034], [91.13384535700004, 24.243097116000058], [91.17355789400006, 24.26519860600007], [91.19488236800004, 24.239842943000042], [91.28599167100003, 24.22336904200006], [91.28370854900004, 24.24486752200005], [91.30138179000005, 24.26615580600003], [91.32098649800008, 24.264404727000056], [91.32885974700008, 24.249516050000068], [91.32401530800007, 24.22954225500007], [91.29853479400003, 24.223023270000056], [91.29813495800005, 24.21369303700004], [91.28380205900004, 24.217554326000027], [91.27725082200004, 24.20323098600005], [91.28536076500006, 24.19538968300003], [91.31266229200008, 24.203490445000057], [91.31274147800008, 24.18273643300006], [91.30524816800005, 24.19070591600007], [91.27721483900007, 24.18151825800004], [91.27527616100008, 24.15656074800006], [91.26697999800007, 24.158137431000057], [91.26833596800003, 24.148500004000027], [91.26176140000007, 24.14645486200004], [91.27171388100004, 24.14102043500003], [91.27160070000008, 24.123667167000065], [91.29246959100004, 24.117143981000027], [91.27080235600005, 24.11251069700006], [91.26764638500003, 24.093692549000025], [91.29313705700008, 24.09353717700003], [91.28406735600004, 24.06079138000007], [91.30406762400008, 24.05628975600007], [91.31244786500008, 24.028664270000036], [91.30403193300003, 24.026036517000023], [91.30752286600006, 24.016247902000032], [91.29428647400005, 24.00129915900004], [91.30343624700004, 23.996711497000035], [91.29969869100006, 23.972265540000024], [91.28760251200003, 23.96817299500003], [91.28462111800008, 23.982238361000043], [91.26393209500009, 23.94436951700004], [91.27613838400003, 23.922657937000054], [91.23295964500005, 23.92709581300005], [91.24614173800006, 23.91384719000007], [91.22842842300008, 23.898779259000037], [91.22954634000007, 23.880739884000036], [91.25398788200005, 23.837153675000025], [91.22719978900005, 23.793485717000067], [91.22629177000005, 23.751262793000024], [91.21892462700004, 23.73656287600005], [91.21031096100006, 23.749292842000045], [91.16759663900007, 23.74978279800007], [91.15702859000004, 23.74215254300003], [91.14912698800003, 23.711667524000063], [91.15418144900008, 23.68853675500003], [91.19547985600008, 23.69228086100003], [91.20846886200007, 23.686573288000034], [91.19935556700005, 23.646741647000056], [91.15625503000007, 23.67084516600005], [91.16244075700007, 23.59519612400004], [91.17801852500008, 23.591884143000073], [91.17517608300005, 23.585628135000036], [91.19521981800006, 23.562140241000066], [91.19438226300008, 23.547323222000045], [91.21290363000008, 23.550553939000054], [91.21296803900003, 23.545282701000076], [91.20069161800006, 23.520872712000028], [91.16049310500006, 23.526579783000045], [91.14996788600007, 23.48682645200006], [91.12638367900007, 23.481209326000055], [91.12802971600007, 23.49147387200003], [91.11691085900009, 23.483757842000045], [91.10802795500007, 23.487882730000024], [91.11206683600005, 23.460967965000066], [91.08469547500005, 23.477035346000036], [91.05963082700003, 23.461067111000034], [91.07552923000009, 23.449372061000076], [91.08135696700003, 23.427336257000036], [91.10256135200007, 23.426049399000078], [91.09470565400005, 23.416256504000046], [91.11128472300004, 23.41163817900008], [91.12398296000003, 23.361711686000035], [91.13622014700007, 23.35166283600006], [91.12705067900004, 23.343055095000068], [91.11281623800005, 23.345346586000062], [91.11396517000009, 23.33261860300007], [91.10321928500008, 23.33004771800006], [91.10493964900007, 23.323049352000055], [91.12191419700008, 23.31991544400006], [91.11600804000005, 23.268504575000065], [91.14547147800005, 23.26681447900006], [91.14106421800005, 23.25481089500005], [91.15100848600008, 23.25452720100003], [91.15104163400008, 23.248282481000047], [91.17423456700004, 23.250706924000042], [91.17625851900004, 23.229872057000023], [91.20285941900005, 23.227523958000063], [91.22181341200007, 23.255438507000065], [91.21879782700006, 23.26457277800006], [91.20840724200008, 23.26331244200003], [91.21111081200007, 23.282509048000065], [91.19628645100005, 23.320833566000033], [91.20641737200003, 23.33380227600003], [91.19069333800007, 23.353089733000047], [91.21015038000007, 23.348894304000055], [91.20815512700005, 23.363705378000077], [91.27477696500006, 23.34866928400004], [91.32001958100005, 23.360237394000023], [91.31073142000008, 23.342565984000032], [91.29611171500005, 23.340995855000074], [91.28979783300008, 23.318658329000073], [91.30946920400004, 23.314001542000028], [91.31493163400006, 23.296761811000067], [91.30714949900005, 23.299914226000055], [91.30019269400003, 23.292422188000046], [91.31661746300006, 23.282018049000044], [91.30972071000008, 23.276509842000053], [91.31795659000005, 23.25304857800006], [91.32654204300007, 23.252436988000056], [91.31862700400006, 23.245621597000024], [91.32331542300005, 23.15822059100003], [91.33305035400008, 23.153017944000055], [91.34691676300008, 23.102459330000045], [91.36971998700005, 23.07052299000003], [91.39581435500008, 23.056204079000054], [91.42233756600007, 23.06302449700007], [91.43585212400006, 23.044000522000033], [91.43261909900008, 23.03381521400007], [91.44118835500007, 23.03017445000006], [91.44777986500009, 23.039651500000048], [91.43878313500005, 23.013347501000055], [91.44483759000008, 23.008289468000044], [91.44423582600007, 23.014081893000025], [91.49131727600007, 23.01251358500008], [91.49138311700005, 22.993204440000056], [91.50687682500006, 22.982943257000045], [91.50050778600007, 22.932940383000073], [91.51287133200003, 22.91067745600003], [91.49303510200008, 22.905252647000054], [91.51166668700006, 22.90160839300006], [91.53155725200008, 22.914031339000076], [91.53888677900005, 22.93209144100007], [91.52513712300004, 22.940246251000076], [91.52748477900008, 22.94730988200007], [91.53886149400006, 22.941931299000032], [91.54292643400004, 22.956699746000027], [91.56592657100003, 22.94705532300003], [91.59038225400008, 22.977057579000075], [91.60603144400005, 22.972038978000057], [91.61373908500008, 22.95855808300007], [91.60492353400008, 22.96237768700007], [91.60025372500007, 22.95445328900007], [91.61578209400005, 22.951587989000075], [91.61905873800004, 22.938492090000068], [91.62450333000004, 22.961745888000053], [91.63560466000007, 22.961254737000047], [91.64532774700007, 22.98512696800003], [91.65129814600004, 22.97688196400003], [91.68168510700008, 22.977388433000044], [91.69361062100006, 22.98844667800006], [91.70874764200005, 22.981984514000033], [91.72083582000005, 22.98778191400004], [91.77197528400006, 23.033361357000047], [91.76848670500004, 23.04111104800006], [91.77435891800008, 23.038636163000035], [91.77468261900003, 23.027010423000036], [91.78050609800005, 23.029218290000074], [91.77445874500006, 23.069716620000065], [91.78953477900006, 23.07180254900004], [91.79400986100006, 23.062428195000052], [91.80597719700006, 23.063161911000066], [91.81833204200007, 23.072948017000044], [91.81469000500005, 23.080715101000067], [91.83574122100003, 23.093186251000077], [91.81336954700004, 23.099354746000074], [91.81802391100007, 23.11215184300005], [91.81085053500004, 23.121867567000038], [91.81463677200009, 23.133589697000048], [91.80803431400005, 23.13578840100007], [91.81416112700003, 23.145288079000068], [91.80603005100005, 23.15744892200007], [91.81000372000005, 23.16521837500005], [91.78883873100006, 23.204497289000074], [91.79102102000007, 23.22693924300006], [91.78348353600006, 23.24342728700003], [91.77606288300007, 23.243392364000044], [91.77699004100003, 23.269365804000074], [91.76130700300007, 23.277193022000063], [91.76425584400005, 23.309374897000055], [91.82504721100008, 23.352452724000045], [91.82556343500005, 23.363292664000028], [91.83761885400008, 23.370907405000025], [91.84504065000004, 23.404769514000066], [91.86054090500005, 23.40531451100003], [91.89964430300006, 23.440721152000037], [91.94273431200008, 23.435248236000064], [91.93659520000006, 23.466511849000028], [91.95867182300003, 23.473058347000062], [91.95818927700003, 23.479662691000044], [91.96910539300006, 23.476501048000046], [91.97097431900005, 23.50266132300004], [91.95623435000005, 23.525835176000044], [91.96450539100005, 23.53537337700004], [91.95677956800006, 23.551317562000065], [91.95403825900007, 23.60976992800005], [91.93394623400008, 23.684444593000023], [91.94104041200006, 23.693451160000052], [91.95730868900006, 23.693983244000037], [91.94812314200004, 23.713918602000035], [91.95685562200003, 23.73417362400005], [91.97805984800004, 23.733340748000046], [92.00842002400003, 23.663730085000054], [92.02317610700004, 23.66297660500004], [92.04602540500008, 23.646833059000073], [92.07379211600005, 23.647587696000073], [92.11564762000006, 23.555993744000034], [92.13697396300006, 23.430432475000032], [92.04839068000007, 23.365665487000058], [92.12507025200006, 23.31899217800003], [92.13393026100005, 23.205070575000036], [92.20613055800004, 23.047921976000055], [92.18816699300004, 23.037341536000042], [92.18123278900003, 23.019252536000067], [92.19949406200004, 22.985144873000024], [92.19806206200008, 22.971793521000052], [92.23568319500004, 23.009178849000023], [92.26861908800004, 23.02765547100006], [92.31903944400005, 23.121308697000075], [92.33163626200007, 23.117822555000032], [92.38866083400006, 23.064680748000058], [92.39210650200005, 23.053904147000026], [92.37953209900007, 23.012111450000077], [92.38442344800006, 22.981842587000074], [92.37430987000005, 22.970104786000036], [92.37170160100004, 22.936213062000036], [92.37647609700008, 22.928759479000064], [92.39782964700004, 22.929430230000037], [92.40133469300008, 22.911998609000022], [92.41927195000005, 22.919355454000026], [92.43418385100006, 22.88566686400003], [92.44938998100008, 22.894675638000024], [92.44821320900007, 22.877027202000022], [92.46017480100005, 22.871080819000042], [92.45212589600004, 22.86300512400004], [92.46434095200004, 22.854701788000057], [92.45672953100006, 22.850582640000027], [92.46206335500005, 22.84126739000004], [92.45263888000005, 22.842738670000074], [92.46180543600008, 22.830770056000063], [92.45400697100007, 22.820183979000035], [92.47221552000008, 22.795755732000032], [92.46931983600007, 22.782126556000037], [92.47935552100006, 22.753922187000057], [92.47386904000007, 22.74634919400006], [92.50510438300006, 22.739580785000044], [92.51653139700005, 22.722387294000043], [92.51376506400004, 22.708933554000055], [92.52856547800008, 22.665771878000044], [92.52447910600006, 22.640732540000045], [92.53227303000006, 22.633321116000047], [92.52748075400007, 22.620983817000024], [92.53916654200003, 22.589653548000058], [92.53250499800004, 22.586711544000025], [92.53808424100004, 22.575310322000064], [92.52737502600007, 22.57323314300004], [92.52177235200008, 22.560250577000033], [92.53980743900007, 22.540858895000042], [92.54330428900005, 22.514011182000047], [92.55117937800009, 22.51373307700004], [92.54260851600009, 22.49853960400003], [92.54957722000006, 22.498339142000077], [92.54327680400007, 22.49015816600007], [92.55638756100007, 22.42522922200004], [92.55205249200009, 22.409032668000066], [92.55796907100006, 22.40888576100008], [92.55934006400008, 22.382077709000043], [92.58122141100006, 22.32180383000008], [92.58653169100006, 22.280403199000034], [92.58099330000005, 22.26928225000006], [92.59073214100005, 22.255272498000068], [92.59505653000008, 22.175465247000034], [92.60683524400008, 22.172796231000063], [92.60928229300004, 22.16421067700003], [92.60548351400007, 22.123314808000032], [92.59401111900007, 22.125590207000073], [92.59188152800004, 22.139532417000055], [92.57820468300008, 22.14360471300006], [92.56250646200004, 22.12827338200003], [92.57516274500006, 22.116201613000044], [92.59225653100003, 22.065648864000025], [92.60263767700008, 22.061859346000062], [92.59910716000007, 22.042412997000042], [92.59263741200004, 22.041130300000077], [92.59743125600005, 22.011960182000053], [92.61266743600004, 21.991382344000044], [92.60315308000008, 21.98120609600005], [92.61752912600008, 21.940334668000048], [92.61030045500007, 21.92919189400004], [92.62151784700006, 21.92090630000007], [92.63434331600007, 21.875444790000074], [92.63160254000007, 21.862988863000055], [92.61390871200007, 21.851907425000036], [92.62142519600008, 21.82532930800005], [92.60939292500007, 21.81710598500007], [92.60182550400003, 21.654710117000036], [92.61102806600007, 21.622976056000027], [92.60900808100007, 21.584655961000067], [92.62424549800005, 21.475455150000073], [92.64114868600007, 21.428772442000025], [92.65110895000004, 21.358568047000063], [92.68025738200004, 21.285618725000063], [92.62946869900009, 21.26857989900003], [92.62288099900007, 21.250877014000025], [92.59697493700008, 21.243578441000068], [92.55793592000003, 21.383885861000067], [92.54102879900006, 21.376143460000037], [92.50852176700005, 21.377295360000062], [92.51110312600008, 21.363895728000045], [92.49911058700008, 21.36106563000004], [92.45961254200006, 21.369112176000044], [92.43881551500004, 21.365177892000077], [92.42809569200006, 21.42357494500004], [92.38097549400004, 21.47986773200006], [92.34347101500003, 21.466879196000036], [92.33785412400005, 21.436015096000062], [92.32642228300006, 21.431992489000038], [92.32851673800008, 21.41907588500004], [92.29723632900004, 21.420134349000023], [92.29172276400004, 21.430478444000073], [92.26907105600009, 21.428201571000045], [92.26956297800007, 21.400419707000026], [92.25579692800005, 21.389245431000063], [92.25880615800008, 21.36217825800003], [92.21149798000005, 21.339836197000068], [92.19776015500008, 21.319633375000024], [92.21973967200006, 21.257607997000036], [92.21078920700006, 21.248228333000043], [92.21805629300007, 21.231896404000054], [92.17250070800009, 21.181227745000058], [92.17580618100004, 21.15997930800006], [92.19933095600004, 21.161285329000066], [92.20044286000007, 21.124371568000072], [92.22371792100006, 21.119899969000073], [92.23349502400004, 21.096763347000035], [92.25832559400004, 21.078792975000056], [92.26501938300004, 21.062238910000076], [92.25123342700005, 21.025598976000026], [92.27013509600005, 20.919486789000075], [92.30210851400005, 20.88438878100004], [92.335065, 20.791603689000056], [92.34032905500004, 20.746773590000032], [92.35142309300005, 20.741235884000048], [92.33109954800005, 20.746514391000062], [92.30999244900005, 20.76911476400005], [92.27444366900005, 20.840042219000054], [92.22388591100008, 20.913426397000023], [92.18523874300007, 21.010800966000033], [92.04617743100005, 21.184572811000066], [92.04798763000008, 21.28623927600006], [92.02042904800004, 21.362750101000074], [91.99959572500006, 21.39415346900006], [92.02138767400004, 21.39727176200006], [92.03626286000008, 21.428821839000022], [92.05253098500003, 21.42610806600004], [92.05249141300004, 21.420431441000062], [92.06936321800003, 21.42510504300003], [92.05798083000008, 21.484537415000034], [92.07584515900004, 21.482960382000044], [92.07894602500005, 21.493444431000057], [92.06207377400005, 21.492709864000062], [92.06029464300008, 21.507650288000036], [92.04495867000009, 21.509497448000047], [92.04421580600007, 21.519906527000046], [92.10750984800006, 21.517530545000056], [92.12299099900008, 21.50211884500004], [92.13405198300006, 21.509631247000073], [92.12538976700006, 21.54474631200003], [92.08607090200007, 21.551183235000053], [92.10761312900007, 21.562572169000077], [92.09814060500008, 21.571065995000026], [92.10640865700003, 21.581970237000064], [92.09098059500008, 21.58607474300004], [92.09167360400005, 21.577771356000028], [92.08280243000007, 21.583423477000053], [92.07244708400003, 21.575881652000078], [92.06956359500003, 21.598617769000043], [92.04898476000005, 21.601433014000065], [92.03613150500007, 21.612723379000045], [92.02538489800008, 21.596718314000043], [92.00787328400008, 21.597548904000064], [92.01717249900008, 21.60054251100007], [92.01997173500007, 21.607103405000032], [92.01790334000003, 21.612719808000065], [92.01052563300004, 21.62246273100004], [92.01851762300004, 21.605400660000043], [92.00741077100008, 21.600421831000062], [92.00988122400008, 21.605409853000026], [92.00886189000005, 21.613020625000047], [91.98682165200006, 21.64563895400005], [91.96306786100007, 21.669481672000074], [91.94582047000006, 21.715730517000054], [91.96053396200006, 21.669248879000065], [91.98298217400009, 21.64336695800006], [91.99243208200005, 21.613050943000076], [91.97599135600007, 21.50877530200006], [91.93834143900006, 21.503123361000064], [91.93941578000005, 21.491712714000073], [91.92182907600005, 21.490962875000037], [91.90339146300005, 21.502500637000026], [91.91931330100005, 21.489940199000046], [91.93767517000003, 21.488342472000056], [91.92196304300006, 21.481737387000067], [91.91623916700007, 21.469664230000035], [91.91461133100006, 21.477902959000062], [91.89192227600006, 21.480455362000043], [91.86262802100003, 21.505732204000026], [91.85316794400006, 21.522519870000053], [91.86532607800007, 21.520663866000064], [91.85047660500004, 21.53079398600005], [91.86143657200006, 21.543074183000044], [91.88518494200008, 21.53965308200003], [91.89069869100007, 21.54532567600006], [91.85920703900007, 21.566541237000024], [91.86149316500007, 21.574544810000077], [91.87436414000007, 21.574113689000058], [91.88345255200005, 21.616092042000048], [91.86858189000009, 21.592387451000036], [91.86898659300005, 21.614964891000056], [91.88202383300006, 21.630087264000053], [91.88633947400007, 21.62588047500003], [91.89201110700003, 21.64478654000004], [91.87978650500008, 21.683684382000024], [91.90531677800004, 21.698581225000055], [91.87811484500008, 21.68489801100003], [91.88798637000008, 21.65522949500007], [91.88247648000004, 21.64726309300005], [91.85700629800004, 21.67027489000003], [91.85573492400005, 21.68620125700005], [91.90893574700004, 21.816403625000078], [91.91656643800007, 21.858419516000026], [91.90885503800007, 21.92944224400003], [91.89736185300006, 21.94147494300006], [91.90605770600007, 21.94247354500004], [91.89037921900007, 21.948007331000042], [91.87035067700003, 22.002860587000043], [91.87841874800006, 22.047308341000075], [91.85114729800006, 22.142093768000052], [91.86007386500006, 22.129511859000047], [91.90452321900005, 22.12106948400003], [91.90736885300004, 22.125277397000048], [91.90397231600008, 22.134934685000076], [91.87710785300004, 22.15058538200003], [91.90440811100007, 22.153729089000024], [91.91915978600008, 22.17913703000005], [91.92163720800005, 22.172719104000066], [91.92805416500005, 22.168282566000073], [91.93623065100007, 22.168245455000033], [91.94178443900006, 22.179145770000048], [91.95542341900006, 22.169509739000034], [91.97548002200006, 22.17598687700007], [91.98444718100006, 22.167546085000026], [91.98206268800004, 22.165640302000043], [91.97508445400007, 22.167540168000073], [91.96986964400008, 22.16611012900006], [91.96841100100005, 22.162663097000063], [91.97119528300004, 22.15540156800006], [91.97959771600006, 22.148669334000033], [91.99744472100008, 22.143587928000045], [91.96984767400005, 22.162227511000026], [91.98708686200007, 22.165960666000046], [91.98000689000008, 22.17560428300004], [91.97503765200008, 22.177158031000033], [91.95704639800005, 22.17092387400004], [91.94257665800006, 22.181890128000077], [91.94470074300006, 22.191835514000047], [91.95423306700008, 22.192584664000037], [91.95096399400006, 22.205864589000043], [91.96586283700003, 22.236853696000026], [91.96015942600008, 22.247417511000037], [91.92224590400008, 22.255878104000033], [91.89837889300009, 22.248978127000044], [91.89450198800006, 22.258527744000048], [91.87589296900006, 22.261982400000022], [91.87372570800005, 22.24430318800006], [91.85520855800007, 22.238806621000037], [91.83794486400006, 22.253583325000022], [91.83797699600007, 22.26834839600008], [91.80427720900008, 22.278953219000073], [91.79814414400005, 22.291255639000042], [91.82766804600004, 22.318547986000056], [91.86632256700005, 22.326613791000057], [91.88085812500003, 22.339259869000045], [91.88538391800006, 22.34870507900007], [91.88929790900005, 22.391309869000054], [91.91144671700005, 22.41386792000003], [91.94461966400007, 22.422431956000025], [91.96669735300009, 22.411651567000035], [91.98222592700006, 22.41109183800006], [91.98177013200007, 22.415888018000032], [91.94848507000006, 22.425491278000038], [91.91834627200006, 22.422746158000052], [91.89315721700007, 22.40589951000004], [91.88410353200004, 22.41813157100006], [91.89113864900008, 22.42999608200006], [91.87488897100008, 22.432873630000074], [91.85602403600006, 22.46379535600005], [91.86725529700004, 22.472207635000075], [91.87380940300005, 22.46729312800005], [91.87606324900008, 22.467625329000043], [91.87967439100004, 22.47803682500006], [91.87404772600007, 22.468306029000075], [91.86613954900008, 22.472877819000075], [91.85450762500005, 22.46333501500004], [91.86242924300007, 22.445323366000025], [91.87213676200008, 22.43368220800005], [91.88017640200007, 22.429173338000055], [91.87860086000006, 22.405980010000064], [91.84607097500003, 22.402175138000075], [91.84124728300009, 22.41489910400003], [91.81896752500006, 22.415902166000023], [91.81714176000008, 22.46691812800003], [91.77187799500007, 22.45926188100003], [91.79521810600005, 22.392244748000053], [91.77404490300006, 22.380653305000067], [91.77570341200004, 22.37509669900004], [91.74816367700004, 22.366739033000044], [91.72538543100006, 22.459305553000036], [91.69003300700007, 22.514089460000037], [91.59767448700006, 22.611165924000034], [91.59130860000005, 22.614885236000077], [91.59904691800006, 22.602979899000047], [91.58530942300007, 22.615194682000038], [91.58159288000007, 22.63417918300007], [91.55792025300008, 22.661293929000067], [91.48023478100004, 22.714842017000024], [91.46253252000008, 22.746906739000053], [91.46428539200008, 22.759077862000026], [91.45633169500007, 22.752555177000033], [91.44733292500007, 22.784520201000078], [91.41730142900008, 22.812839240000073], [91.42612734900007, 22.81756371000006], [91.43144224900004, 22.837732466000034], [91.44187135900006, 22.82661687600006], [91.45214619300003, 22.828153763000046], [91.47110072900006, 22.861099866000075], [91.44935923500003, 22.827892388000066], [91.42832835700005, 22.839480972000047], [91.42314405400003, 22.82440089800008], [91.40707925700008, 22.81344321800003], [91.40601663400008, 22.805841873000077], [91.42347663000004, 22.796869075000075], [91.41959024800008, 22.78744064600005], [91.43028784500007, 22.779029068000057], [91.42412495700006, 22.757389483000054], [91.39262823000007, 22.78194306900008], [91.38199666800006, 22.785691748000033], [91.37681652000003, 22.785332362000077], [91.36785824200007, 22.801753576000067], [91.34453103000004, 22.78905203900007], [91.33475816900005, 22.793908395000074], [91.33930640900007, 22.860280742000043], [91.35193434500007, 22.85197805000007], [91.35240962000006, 22.86566188100005], [91.33717948000003, 22.862848463000034], [91.34305419100008, 22.877300305000063], [91.32846079400008, 22.88213361000004], [91.34458042000006, 22.881215161000057], [91.34357514100003, 22.896741036000037], [91.35099149200005, 22.894286974000067], [91.35085746900006, 22.902040851000038], [91.34111798900005, 22.91329467500003], [91.32214757400004, 22.902402573000074], [91.30808776300006, 22.90516248800003], [91.29982979100004, 22.894010254000023], [91.27634696000007, 22.899388355000042], [91.26554945600003, 22.881537524000066], [91.24824829200008, 22.89399074100004], [91.24932406300007, 22.906204453000043], [91.26011015000006, 22.90989807400007], [91.26312453800006, 22.94589796400004], [91.26006874900008, 22.958771479000063], [91.25235188200008, 22.960476437000068], [91.26494595500003, 23.021864596000057], [91.25556036900008, 23.039470394000034], [91.25895213200005, 23.054611459000057], [91.23553390800004, 23.05878666700005], [91.23591252200004, 23.065976555000077], [91.22548609000006, 23.066545484000073], [91.22259812300007, 23.05791574600005], [91.21455435300004, 23.066701573000046], [91.18603055600005, 23.060064561000047], [91.16778371600003, 23.06979651000006], [91.16224306800007, 23.08338556900003], [91.14592138800003, 23.081166633000066], [91.14403399600008, 23.09448018100005], [91.13653100400006, 23.093921313000067], [91.14285060700007, 23.10152706100007], [91.12000174200006, 23.13638007900005], [91.12486954100007, 23.15800789000008], [91.13436381200006, 23.158920929000033], [91.13471623000004, 23.166547696000066], [91.13011366400008, 23.174655492000056], [91.08669928100005, 23.169475171000045], [91.09574807600006, 23.18923413300007], [91.07682786800007, 23.20717111600004], [91.07767206500006, 23.218612481000036], [91.06692223400006, 23.217534190000038], [91.05519176800004, 23.200060922000034], [91.03924918900003, 23.20193736300007], [91.04190403400008, 23.213526242000057], [91.02869643800005, 23.218502471000022], [91.01536205000008, 23.21298065700006], [91.01873598500003, 23.195100856000067], [91.00001604200008, 23.18171813600003], [91.00950053800005, 23.142491020000023], [90.98788443700005, 23.140895439000076], [90.98075402300003, 23.133199156000046], [90.98450382500005, 23.11781610500003], [91.01354968700008, 23.11609609900006], [91.02324294900006, 23.10627798200005], [91.03556227400009, 23.114657007000062], [91.04291589700006, 23.090539016000037], [91.08036096700005, 23.076769283000033], [91.07943563100008, 23.071601783000062], [91.14002238700004, 23.074285020000048], [91.13646637200009, 23.06314627200004], [91.12285502700007, 23.056158330000073], [91.12835855300006, 23.035552150000058], [91.14775635700005, 23.03716823600007], [91.15044617900008, 23.02803519300005], [91.17450319900007, 23.021741417000044], [91.17907564000006, 23.002817760000028], [91.20407828200007, 22.98727613500006], [91.18894327400005, 22.97530367300004], [91.19653161600007, 22.969395417000044], [91.18721333500008, 22.953484669000034], [91.21454451900007, 22.93742913600005], [91.21137307900005, 22.910328568000068], [91.19612468300005, 22.889482506000036], [91.16296513000003, 22.881067656000027], [91.16896104700004, 22.85547173300006], [91.14728472300004, 22.856320444000062], [91.15595257800004, 22.846783301000073], [91.15624103000005, 22.82960042800005], [91.14753869400005, 22.833448512000075], [91.14046409800005, 22.796884220000038], [91.13540900500004, 22.80127339200004], [91.13955773200007, 22.788123529000075], [91.19412459900008, 22.74871796000008], [91.15865208300005, 22.678398062000042], [91.14367721700006, 22.693323148000047], [91.13289347700004, 22.722966110000073], [91.08624401500003, 22.73136310800004], [91.06631956400008, 22.721524861000034], [91.06135220500005, 22.728897578000044], [91.01780486700005, 22.73964643900007], [91.00989339400007, 22.750369482000053], [90.98146024800008, 22.748594206000064], [90.95038854900008, 22.77753640000003], [90.80769935300003, 22.861251563000053], [90.79155858500008, 22.84382090300005], [90.78329733600003, 22.813131915000042], [90.77881248600005, 22.84050311200008], [90.73232560900004, 22.906749216000037], [90.76766556000007, 22.923393477000047], [90.75834142100007, 22.93157592800003], [90.75933993900009, 22.947334367000053], [90.73492905400008, 22.964238932000058], [90.74302181000007, 22.965118639000025], [90.74672732800008, 22.977308229000073], [90.75539440400007, 22.970018742000036], [90.75121805300006, 22.986248875000058], [90.76332969800006, 22.981211002000066], [90.77255696400005, 22.990742929000078], [90.79508057800007, 22.990711669000063], [90.81166145800006, 23.026624751000043], [90.83016859900005, 23.035608429000035], [90.83165471100006, 23.046072474000027], [90.79408491800007, 23.074748412000076], [90.77692652400003, 23.078063530000065], [90.75205493100003, 23.067553864000047], [90.75460091100007, 23.05987166400007], [90.73089652400006, 23.041903026000057], [90.69782743300004, 23.06199497700004]], [[91.94766818600004, 23.226064765000046], [91.92588186000006, 23.22307635900006], [91.91341064200003, 23.18894370000004], [91.89293091000008, 23.171574658000054], [91.95268895000004, 23.09618767300003], [91.94723525700005, 23.061648366000043], [91.96657912600006, 23.00567086600006], [92.02341227800008, 23.02423730000004], [92.05476142500004, 23.049700854000037], [92.08014178800005, 23.054883542000027], [92.01454314900008, 23.20201783400006], [91.99927977000004, 23.26769015900004], [91.94766818600004, 23.226064765000046]], [[91.92572874700005, 22.680367158000024], [91.94305241800004, 22.668688588000066], [91.93243099400007, 22.652400646000046], [91.94133436000004, 22.60695260500006], [91.95587953000006, 22.589657749000025], [91.96933377200008, 22.547835478000025], [91.97821803000005, 22.507815639000057], [91.97036839300006, 22.495314351000047], [91.98938453200003, 22.490200939000033], [91.98087115200008, 22.483238804000052], [92.00470393900008, 22.488571036000053], [92.02156793700004, 22.509255402000065], [92.01738204300005, 22.517993716000035], [92.02808098100007, 22.527747729000055], [92.01474767000008, 22.548653923000074], [92.01752009500007, 22.56898840100007], [92.00592017600007, 22.58655404900003], [92.01285788000007, 22.604944646000035], [92.03134278900006, 22.610882570000058], [92.03546198100008, 22.622627671000032], [92.04525686000005, 22.607096960000035], [92.06032145600005, 22.614828196000076], [92.08039205800009, 22.609595201000047], [92.07579781800007, 22.59354503000003], [92.09857605000008, 22.577094490000036], [92.12300359500006, 22.581006971000022], [92.09494312200007, 22.648193081000045], [92.05328597800008, 22.686738698000056], [92.00485084000007, 22.704496205000055], [92.06249876000004, 22.71535309500007], [92.09733532100006, 22.75143908600006], [92.11202001600003, 22.74881574500006], [92.12589130500004, 22.75771893800004], [92.12171639900004, 22.770866298000044], [92.13826131400003, 22.785325456000066], [92.14068200200006, 22.80455194500007], [92.17625883000005, 22.825418977000027], [92.12867262200007, 22.911782825000046], [92.11758639800007, 22.95817389900003], [92.07006533600008, 22.933491340000046], [92.05376659500007, 22.894319044000042], [92.03996484200007, 22.884365591000062], [92.01887368200005, 22.88401069200006], [92.00066743900004, 22.842345959000056], [91.97985207900007, 22.833059338000055], [91.97517514800006, 22.790665896000064], [92.00141374600008, 22.72681304400004], [91.96664272400005, 22.717791636000072], [91.96253936400007, 22.691037583000025], [91.92755144400007, 22.68870978600006], [91.92572874700005, 22.680367158000024]]], [[[90.54830779900004, 23.059733270000038], [90.56775018800005, 23.086703055000044], [90.57772156200008, 23.086571482000068], [90.58642064600008, 23.067180348000022], [90.58253044300005, 23.062956507000024], [90.58236265200009, 23.06905166000007], [90.57682878000008, 23.07355351500007], [90.58158902600007, 23.061824623000064], [90.56752742000003, 23.057753233000028], [90.56558434700008, 23.044929726000078], [90.54830779900004, 23.059733270000038]]], [[[90.59774940800008, 23.111495966000064], [90.61995879500006, 23.063992953000024], [90.61654293900006, 23.051195696000036], [90.61298053500008, 23.063016367000046], [90.60943781100008, 23.033393558000057], [90.59486327200005, 23.048152149000032], [90.58383846200007, 23.051897953000037], [90.58863692500006, 23.071856341000057], [90.57996903700007, 23.086563245000036], [90.59851223600003, 23.09700969000005], [90.59774940800008, 23.111495966000064]]], [[[90.58933961500009, 23.108612176000065], [90.59140030200007, 23.095411667000064], [90.57844959300007, 23.087716022000052], [90.57662732600005, 23.096565526000063], [90.58933961500009, 23.108612176000065]]], [[[90.57333086000006, 23.11115637200004], [90.58711803300008, 23.108763856000053], [90.57389734500003, 23.098535089000052], [90.57333086000006, 23.11115637200004]]], [[[90.55627591500007, 23.13516920400008], [90.56024240100004, 23.142740675000027], [90.57171864400004, 23.152424670000073], [90.56765459400003, 23.14684339200005], [90.55627591500007, 23.13516920400008]]], [[[90.63806488800003, 23.151394303000075], [90.64134731700005, 23.156830109000055], [90.64123969400003, 23.145119882000074], [90.63806488800003, 23.151394303000075]]], [[[90.63672626200008, 23.18063428000005], [90.64118725300006, 23.180915391000042], [90.63734346700005, 23.174537378000025], [90.63672626200008, 23.18063428000005]]], [[[90.60269821500003, 23.195461458000068], [90.60964156600005, 23.19868487800005], [90.60770731100007, 23.192057096000042], [90.60269821500003, 23.195461458000068]]], [[[90.60218324800007, 23.224057190000053], [90.61038819100008, 23.218786459000057], [90.60776348400003, 23.213533254000026], [90.60218324800007, 23.224057190000053]]], [[[90.59591979800007, 23.227294520000044], [90.60122930200004, 23.229289772000072], [90.60290033800004, 23.227036998000074], [90.59591979800007, 23.227294520000044]]], [[[90.62886091200005, 23.24574455800007], [90.62580053900007, 23.243892620000054], [90.62664800700009, 23.248095171000045], [90.62886091200005, 23.24574455800007]]], [[[90.63505685600006, 23.254180030000043], [90.62744923200006, 23.27007962400006], [90.63014405100006, 23.271120591000056], [90.63673629600004, 23.259287511000025], [90.63505685600006, 23.254180030000043]]], [[[90.61871046900006, 23.271166074000064], [90.61197076600007, 23.27955691300008], [90.61141056000008, 23.281471237000062], [90.61662736000005, 23.279538684000045], [90.61871046900006, 23.271166074000064]]], [[[90.61916110200008, 23.26514164300005], [90.58696149600007, 23.284145738000063], [90.60426268500004, 23.276958223000065], [90.59133831600008, 23.296843615000057], [90.60582645400007, 23.290861651000057], [90.60586626800006, 23.29965609100003], [90.60821432100005, 23.292620586000055], [90.60380822000008, 23.285133576000078], [90.61402995600008, 23.27443458500005], [90.61916110200008, 23.26514164300005]]], [[[90.62720718500003, 23.262623981000047], [90.62025305300006, 23.269104449000054], [90.62220150000007, 23.27655334800005], [90.60915008500007, 23.296393244000058], [90.61154673000004, 23.305656673000044], [90.62650784500005, 23.279021939000074], [90.62720718500003, 23.262623981000047]]], [[[90.57198700700008, 23.297488969000028], [90.57468340800006, 23.298722260000034], [90.58716419000007, 23.289115879000065], [90.58388785700004, 23.285352368000076], [90.57198700700008, 23.297488969000028]]], [[[90.59157358200008, 23.30042763800003], [90.59378283900008, 23.296786956000062], [90.58568014100007, 23.301788316000057], [90.59157358200008, 23.30042763800003]]], [[[90.63658737000009, 23.314973682000073], [90.64327466200007, 23.306581467000058], [90.64224671500006, 23.30266602000006], [90.63800869000005, 23.309232089000034], [90.63658737000009, 23.314973682000073]]], [[[90.59099362000006, 23.31261851200003], [90.59595125000004, 23.310209995000037], [90.59035739200004, 23.309179398000026], [90.59099362000006, 23.31261851200003]]], [[[90.60038707000007, 23.318366642000058], [90.60213919500006, 23.31663917000003], [90.59820651200005, 23.316845613000055], [90.60038707000007, 23.318366642000058]]], [[[90.62500039500009, 23.335692954000024], [90.63753441000006, 23.32641717200005], [90.63370003900008, 23.315427987000078], [90.62637127800008, 23.325042358000076], [90.62500039500009, 23.335692954000024]]], [[[90.62829770600007, 23.321435648000033], [90.62305268700004, 23.328769753000074], [90.62022299900008, 23.332365864000053], [90.62198021800003, 23.33188129000007], [90.62829770600007, 23.321435648000033]]], [[[90.97645204400004, 22.52198363800005], [90.93211333700003, 22.49701664400004], [90.89375066900004, 22.56028032100005], [90.95111425600004, 22.54725796300005], [90.97645204400004, 22.52198363800005]]], [[[91.01740593000005, 22.56817560500008], [90.89076560000007, 22.660236161000057], [90.84944636100005, 22.670642085000054], [90.83660528800004, 22.686813053000037], [90.87325527700006, 22.703914354000062], [90.90387860700008, 22.706687642000077], [90.91924086000006, 22.722606910000025], [90.93926187100004, 22.724926348000054], [90.94555011300008, 22.73329586500006], [90.94695284500006, 22.724522767000053], [91.00784775900007, 22.70720145300004], [91.01686910800004, 22.678556752000077], [91.00091024000005, 22.665559287000065], [90.98840945400008, 22.639324721000037], [91.00924423900005, 22.612699022000072], [91.01740593000005, 22.56817560500008]]], [[[91.32813912200004, 22.797511556000075], [91.31345053200005, 22.80900798700003], [91.31248864600008, 22.819512017000022], [91.33109687100006, 22.817499603000044], [91.32813912200004, 22.797511556000075]]], [[[90.76825294000008, 22.809811206000063], [90.75933807700005, 22.82003543600007], [90.75199579800005, 22.83226503800006], [90.76136448800008, 22.836164068000073], [90.77383234800004, 22.82941155800006], [90.76825294000008, 22.809811206000063]]], [[[91.32009931200008, 22.84545827900007], [91.32891707900006, 22.84831241200004], [91.32013450600004, 22.84500299900003], [91.32139257900008, 22.839113852000025], [91.33625471700003, 22.84028027200003], [91.33200322500005, 22.820655491000025], [91.32519262900007, 22.837066441000047], [91.30966835700008, 22.84087091300006], [91.32009931200008, 22.84545827900007]]], [[[91.33101412800005, 22.845058055000038], [91.32286954500006, 22.84390492400007], [91.32977483200006, 22.847077463000062], [91.33101412800005, 22.845058055000038]]], [[[90.73926894900006, 22.856267031000073], [90.74307724500005, 22.869531408000057], [90.74649444700003, 22.869515411000066], [90.75386530400004, 22.87318536300006], [90.77647095900005, 22.828681714000027], [90.76085623500006, 22.837540666000052], [90.75072016400009, 22.834780581000075], [90.73926894900006, 22.856267031000073]]], [[[90.74422261500007, 22.88506755000003], [90.75267767800005, 22.87470290600004], [90.74276210500005, 22.87084720200005], [90.73641689100003, 22.86297213000006], [90.73286252700007, 22.873504823000076], [90.74422261500007, 22.88506755000003]]], [[[90.72884304400009, 22.898587431000067], [90.72770144500004, 22.90562664400005], [90.73388003000008, 22.894931245000066], [90.72884304400009, 22.898587431000067]]], [[[91.84649884500004, 21.525246309000067], [91.84700924600008, 21.52925525300003], [91.85107342400005, 21.523475078000047], [91.84649884500004, 21.525246309000067]]], [[[91.84168938000005, 21.53877706000003], [91.84132032500008, 21.527740980000033], [91.83796228200003, 21.53487526500004], [91.84168938000005, 21.53877706000003]]], [[[91.85072176600005, 21.581735515000048], [91.84663578100003, 21.610074202000078], [91.86596030900006, 21.622475591000068], [91.86186116000005, 21.58973608100007], [91.85072176600005, 21.581735515000048]]], [[[91.88594938900007, 21.646005012000046], [91.88315678900005, 21.643527646000052], [91.88170011400007, 21.64354415400004], [91.88594938900007, 21.646005012000046]]], [[[91.89462820100005, 21.860808226000074], [91.84571850100008, 21.724292638000065], [91.82938128100005, 21.72323065200004], [91.85176215600006, 21.82788927200005], [91.84084498500005, 21.85869372700006], [91.84633437400004, 21.899350240000047], [91.87376497500009, 21.923413227000026], [91.89265855400004, 21.895813195000073], [91.89462820100005, 21.860808226000074]]], [[[91.85293586300008, 22.11749984900007], [91.84987753900003, 22.115196882000077], [91.84966842200004, 22.125491900000043], [91.85293586300008, 22.11749984900007]]], [[[91.88605489000008, 22.127993076000052], [91.88976692600005, 22.139044100000035], [91.90511492200005, 22.12691658400007], [91.89949192200004, 22.123577182000076], [91.88605489000008, 22.127993076000052]]], [[[91.869539, 22.133716022000044], [91.85917637900008, 22.135400184000048], [91.86134276800004, 22.14281058200004], [91.869539, 22.133716022000044]]], [[[91.87722058200006, 22.157529475000047], [91.87400817100007, 22.152976430000024], [91.87381177800006, 22.15599052400006], [91.87722058200006, 22.157529475000047]]], [[[91.90418695400007, 22.15787091900006], [91.90116225000008, 22.15485942300006], [91.89200465400006, 22.158418863000065], [91.90418695400007, 22.15787091900006]]], [[[91.87011479400007, 22.332932577000065], [91.87597557400005, 22.353473670000028], [91.88322910900007, 22.357988942000077], [91.88432387100005, 22.348657589000027], [91.87011479400007, 22.332932577000065]]], [[[91.40359822300007, 22.420141182000066], [91.40537846300003, 22.382462598000075], [91.39736835700006, 22.38836318500006], [91.39051306000005, 22.373461923000036], [91.35274418400007, 22.373829768000064], [91.39342728200006, 22.423479152000027], [91.40359822300007, 22.420141182000066]]], [[[91.48042798700004, 22.399819190000073], [91.44315817000006, 22.461477240000022], [91.41987681400008, 22.52324396000006], [91.42585355400007, 22.569217321000053], [91.42042101200008, 22.596508275000076], [91.43900073600008, 22.606188510000038], [91.45854998900006, 22.60874053400005], [91.47616443400005, 22.595149415000037], [91.55309965300006, 22.491665167000065], [91.57150986200008, 22.44584440400007], [91.56841456000006, 22.409412471000053], [91.52623239800005, 22.38878300500005], [91.50841059900006, 22.387516386000073], [91.48042798700004, 22.399819190000073]]], [[[91.34186094800003, 22.52561889800006], [91.34334949700008, 22.519942668000056], [91.34340171100007, 22.517361251000068], [91.33990758700008, 22.517640451000034], [91.34186094800003, 22.52561889800006]]], [[[91.34900503400007, 22.550006706000033], [91.35537864000008, 22.546655223000073], [91.35302277900007, 22.526672560000065], [91.34295635100005, 22.531130188000077], [91.34474083400005, 22.54409184700006], [91.33919096000005, 22.530096601000025], [91.33258901600004, 22.564883414000064], [91.35090091600006, 22.562393754000027], [91.34900503400007, 22.550006706000033]]], [[[91.34048876500003, 22.611161], [91.35339152200004, 22.60008368800004], [91.35383768700007, 22.586458248000042], [91.34625268700006, 22.584514588000047], [91.35321725500006, 22.574347329000034], [91.34766499900007, 22.574967538000067], [91.34967311100007, 22.567136111000025], [91.33220808900006, 22.565661091000038], [91.31111546600005, 22.602810281000075], [91.33396533800004, 22.61135874400003], [91.33658769500005, 22.599077370000032], [91.34048876500003, 22.611161]]], [[[91.34923620900008, 22.60415718400003], [91.35243121400003, 22.609818033000067], [91.35787185100008, 22.602889582000046], [91.35719126500004, 22.60174825100006], [91.34923620900008, 22.60415718400003]]], [[[91.33841266400003, 22.732051381000076], [91.38458662500005, 22.706395864000058], [91.38102943100006, 22.698421153000027], [91.39366532200006, 22.699984481000058], [91.41027048500007, 22.680362724000076], [91.38874829000008, 22.627356680000048], [91.32824674100004, 22.641346313000042], [91.31818293400005, 22.649888908000037], [91.34317560700003, 22.68581308000006], [91.34865749500005, 22.715887327000075], [91.33841266400003, 22.732051381000076]]], [[[91.39166981900007, 22.775140818000068], [91.37704081100009, 22.78450880200006], [91.39469994200005, 22.776619867000022], [91.39166981900007, 22.775140818000068]]], [[[91.38070106400005, 23.208566105000045], [91.39208405800008, 23.220157922000055], [91.38640017700004, 23.22768479000007], [91.40083360000006, 23.229247115000078], [91.39248596000004, 23.24603207100006], [91.40867344700007, 23.247756371000037], [91.39723444200007, 23.25637380300003], [91.40032367600008, 23.265847724000025], [91.41123403300008, 23.25581464000004], [91.40883521000006, 23.285321483000075], [91.41955571100004, 23.273386533000064], [91.41825171600004, 23.25561083200006], [91.42113196200006, 23.261927934000028], [91.45414425200005, 23.260511757000074], [91.44854260500006, 23.243887597000025], [91.45783641600008, 23.246129504000066], [91.47024494100003, 23.22777785200003], [91.45050152400006, 23.219598160000032], [91.45856415700007, 23.213448033000077], [91.47533928200005, 23.22048956200007], [91.48436741000006, 23.209334583000043], [91.48237335500005, 23.19856565300006], [91.47069180800008, 23.196559359000048], [91.48487143300008, 23.18833873400007], [91.50314409900005, 23.19223030300003], [91.50102994800005, 23.185418171000038], [91.50747077300008, 23.183837228000073], [91.49166661800007, 23.177711508000073], [91.49816772700007, 23.17178403500003], [91.48223297000004, 23.135215579000032], [91.46098509800004, 23.129180047000034], [91.44062838600007, 23.153720445000033], [91.44593642200005, 23.162225629000034], [91.44073281400006, 23.175690503000055], [91.40255977000004, 23.16320546000003], [91.40103027100008, 23.182830298000056], [91.38183445400006, 23.175151603000074], [91.38767996900003, 23.208022291000077], [91.38070106400005, 23.208566105000045]]], [[[92.32393765700004, 20.60006118000007], [92.32494986100005, 20.61825420400004], [92.31504878600003, 20.62813565700003], [92.32308115100005, 20.635625811000068], [92.33172018200008, 20.591211478000048], [92.32393765700004, 20.60006118000007]]], [[[92.28669777000005, 20.904489128000023], [92.27453153200008, 20.917171492000023], [92.27288319600007, 20.925890646000028], [92.27956492900006, 20.920401601000037], [92.28669777000005, 20.904489128000023]]], [[[92.26635223100004, 20.98197241500003], [92.26345098300004, 20.987804895000068], [92.26379069200004, 20.99347517700005], [92.26631497100004, 20.98794599300004], [92.26635223100004, 20.98197241500003]]], [[[91.96727991900008, 21.50185299700007], [91.97169186200006, 21.505241864000027], [91.97258096900003, 21.50300911100004], [91.96727991900008, 21.50185299700007]]], [[[91.99183560100005, 21.60123020900005], [91.99641986500006, 21.60757912300005], [91.99209468100008, 21.59401099300004], [91.99183560100005, 21.60123020900005]]], [[[92.00042291000005, 21.623683581000023], [92.00838287800008, 21.611640436000073], [92.00640499200006, 21.601628599000037], [92.00527871700007, 21.601451116000078], [92.00042291000005, 21.623683581000023]]], [[[91.93124114100004, 22.174903605000054], [91.93581850100009, 22.17093840800004], [91.92139654100004, 22.17792819600004], [91.93124114100004, 22.174903605000054]]], [[[91.96707517200008, 22.417918850000035], [91.97388398000004, 22.41329634600004], [91.95926014800006, 22.41956705800004], [91.96707517200008, 22.417918850000035]]]]}}, {"type": "Feature", "properties": {"division": "Dhaka"}, "geometry": {"type": "MultiPolygon", "coordinates": [[[[89.95536442700006, 22.85348109800003], [89.94070993800005, 22.86498917600005], [89.94378017500009, 22.85649355000004], [89.92158647400004, 22.864648914000043], [89.91945533900008, 22.881058061000033], [89.84867145700008, 22.890833921000024], [89.86564345700003, 22.902147975000048], [89.80104671600003, 22.94125997900005], [89.80640402100005, 22.959191977000046], [89.79266372400008, 22.979463890000034], [89.79705894200004, 22.996026851000067], [89.76127812900006, 23.008681414000023], [89.74677037700008, 23.048638012000026], [89.72900846400006, 23.054526010000075], [89.73647440100007, 23.071917168000027], [89.67607677100006, 23.11527829700003], [89.67836092700009, 23.133163222000064], [89.69506199300008, 23.127104580000037], [89.70485967400003, 23.113499869000066], [89.73950048200004, 23.130552529000056], [89.73227879500007, 23.168203581000057], [89.76441161900004, 23.180680748000043], [89.73346390800003, 23.186453890000053], [89.69107289300007, 23.162620700000048], [89.67903090900006, 23.183265213000027], [89.68735919000005, 23.224114843000052], [89.66499304400008, 23.245934070000033], [89.64183393300004, 23.232456367000054], [89.63324789700005, 23.237132664000058], [89.63682950500004, 23.261615068000026], [89.66905637500008, 23.278343349000068], [89.62215398900008, 23.29584851000004], [89.62100736700006, 23.307718546000046], [89.63330662300007, 23.297735225000054], [89.64536153200004, 23.298547694000035], [89.62238380700006, 23.309164329000055], [89.60373146300003, 23.339360784000064], [89.60801940700009, 23.369791229000043], [89.59940738600005, 23.37915915800005], [89.61759496000008, 23.38682453200005], [89.60687910400009, 23.420591216000048], [89.60488029400005, 23.474545093000074], [89.57081199100008, 23.498806315000024], [89.52709715300006, 23.51299890000007], [89.51146748500008, 23.510687962000077], [89.50728381000005, 23.477757276000034], [89.49448745200004, 23.47615816700005], [89.48931692200006, 23.49455846400008], [89.50001701500008, 23.519335432000048], [89.53750409100007, 23.53606132300007], [89.52303950100008, 23.55054504000003], [89.49951160300003, 23.55777570500004], [89.49731996600008, 23.579061368000055], [89.47061362200003, 23.597130996000033], [89.48021327300006, 23.627453555000045], [89.43974888900004, 23.640336454000078], [89.43812567800006, 23.66048881100005], [89.41136488000006, 23.68184544500008], [89.38570057200008, 23.676506438000047], [89.37515822500006, 23.664713145000064], [89.34914661800008, 23.671099783000045], [89.34799616800007, 23.682774895000023], [89.32170766100006, 23.702788200000043], [89.31098379900004, 23.731068228000026], [89.29815841000004, 23.736022302000038], [89.31576296800006, 23.74798762200004], [89.32305393900003, 23.76641496900004], [89.31043979300006, 23.76847270600007], [89.31107153700003, 23.77616417400003], [89.33019636800003, 23.778542491000053], [89.32696037400007, 23.795265632000053], [89.33646230000005, 23.828747831000044], [89.35133368400005, 23.841130430000078], [89.35151586200004, 23.860637808000035], [89.36322092200004, 23.87009588500007], [89.35535144900007, 23.885943858000076], [89.35694917700005, 23.897992032000047], [89.36513619700008, 23.894746819000034], [89.36459926900005, 23.91070432500004], [89.39032586100006, 23.90480889500003], [89.40892953200006, 23.88173434400005], [89.46257429700006, 23.842679092000026], [89.51415845600008, 23.818918045000032], [89.57211992000003, 23.808068521000052], [89.58367068900003, 23.814433548000068], [89.66507946300004, 23.809191433000024], [89.69584461600004, 23.814546509000024], [89.73274126100006, 23.83536815800005], [89.70383132300003, 23.877096608000045], [89.69695822200003, 23.866609003000065], [89.70231088300005, 23.89552487900005], [89.68392945000005, 23.939362369000037], [89.69276928600004, 23.942733559000033], [89.69323545900005, 23.986741066000036], [89.72157552200008, 24.01352505400007], [89.78520477000006, 24.035247347000052], [89.81894683700006, 24.06598712500005], [89.82498098800005, 24.084888473000035], [89.81684154100003, 24.109404797000025], [89.82060090300007, 24.13997981600005], [89.80256746500004, 24.16009812300007], [89.78770838400004, 24.15794941200005], [89.77997927400008, 24.16647438600006], [89.79814120200007, 24.172127078000074], [89.78304265000008, 24.236726907000048], [89.79007348100004, 24.276575304000062], [89.77421413400003, 24.301509613000064], [89.77169372400004, 24.32990508900008], [89.75135694000005, 24.35251046600007], [89.76599230600004, 24.375834874000077], [89.74657818600008, 24.430542161000062], [89.75516947000006, 24.455340080000042], [89.74314224800008, 24.455282305000026], [89.74257091000004, 24.47120487600006], [89.75767706600004, 24.483435687000053], [89.74740952000008, 24.483011876000035], [89.75815605000008, 24.499551874000076], [89.73417091700009, 24.518364648000045], [89.74756664700004, 24.520319302000075], [89.74628402500008, 24.537309683000046], [89.76992513800008, 24.540015330000074], [89.77313986700005, 24.564547361000052], [89.78906852000006, 24.572289169000044], [89.81137883500008, 24.566602845000034], [89.81805482700008, 24.57570310500006], [89.81000178100004, 24.583611654000038], [89.82814161800007, 24.58674992400006], [89.82307265600008, 24.59520161100005], [89.83521917800005, 24.603030572000023], [89.82706030700007, 24.608595619000027], [89.83681772200003, 24.608430963000046], [89.84183693800009, 24.623770860000036], [89.85323324100005, 24.619808504000048], [89.84254997100004, 24.631556275000037], [89.84334707200009, 24.645290189000036], [89.86881272200009, 24.64900735200007], [89.86544657400003, 24.661475840000037], [89.87806152200005, 24.679043940000042], [89.89123507700003, 24.674263953000036], [89.89940953800004, 24.681494885000063], [89.87999342900008, 24.708265293000068], [89.88024437900003, 24.741439830000047], [89.90274352200004, 24.73467404400003], [89.90179184000004, 24.742004721000058], [89.90742631500007, 24.734482267000033], [89.91709502900005, 24.746187070000076], [89.92746518700005, 24.74426761500007], [89.92155532200007, 24.756468400000074], [89.93576731500008, 24.757187522000038], [89.94129267900007, 24.743520104000027], [89.95796302200006, 24.744275318000064], [89.95778976300005, 24.731111887000054], [89.98180737800004, 24.725041915000077], [90.02044850300007, 24.754747853000026], [90.02424209100008, 24.772306121000042], [90.07838289200004, 24.786630041000024], [90.09803112400004, 24.75631179800007], [90.08849565400004, 24.751808780000033], [90.09037812300005, 24.73719304900004], [90.13273898900007, 24.734434590000035], [90.12660015800003, 24.717872774000057], [90.14801905400003, 24.633781415000044], [90.13041350100008, 24.61762662900003], [90.12455055100008, 24.596684436000032], [90.13972782700006, 24.575701325000068], [90.15080936900006, 24.574727074000066], [90.14602161200008, 24.567563472000074], [90.15241087500004, 24.549985454000023], [90.16125539900008, 24.536689506000073], [90.16934532100004, 24.537660578000043], [90.17438534900003, 24.517802580000023], [90.18667919400008, 24.522921272000076], [90.20885711900007, 24.50868927700003], [90.20708394100006, 24.49733093800006], [90.24354355900005, 24.481354732000057], [90.20961273200004, 24.458345833000067], [90.22925118300003, 24.419933338000078], [90.24901177300006, 24.415266544000076], [90.22880074400007, 24.347810675000062], [90.23345023300004, 24.335198435000052], [90.24789516800007, 24.33330422800003], [90.26119784600007, 24.291593916000068], [90.28113166200006, 24.287204381000038], [90.30076449300003, 24.269610382000053], [90.30044896300006, 24.254569953000043], [90.28824856300008, 24.241614587000072], [90.28976696100005, 24.22567133700005], [90.26640266800007, 24.215339586000027], [90.22615554100008, 24.162920307000036], [90.21766035500008, 24.126092791000076], [90.23016844100005, 24.105604721000077], [90.20092563800006, 24.093779900000072], [90.17335882300006, 24.108020187000022], [90.17699828500008, 24.074798878000024], [90.15776136500006, 24.06427307200005], [90.15935108900004, 24.052959637000072], [90.15040699300005, 24.052236506000042], [90.14706269800007, 24.025401980000026], [90.16161123100005, 24.01958406500006], [90.17637857600005, 24.000330064000025], [90.19178143200008, 24.014040134000027], [90.20431157800004, 24.005277843000044], [90.24003926400007, 24.009375282000065], [90.23868054400003, 24.02968875700003], [90.24602980500003, 24.03331995700006], [90.26002618000007, 24.01482753700003], [90.25011705300005, 23.991615773000035], [90.26004734400004, 23.97122008300005], [90.27042828900005, 23.96281392900005], [90.29781203400006, 23.961874128000034], [90.30017395600004, 23.948835874000054], [90.31916317300005, 23.950553245000037], [90.31736635200008, 23.957524843000044], [90.33546643800008, 23.94788445000006], [90.34084216000008, 23.95556983700004], [90.34551337000005, 23.947143544000028], [90.34449043500007, 23.902369143000044], [90.35631804500008, 23.872651575000077], [90.34823266500007, 23.853034628000046], [90.33712449700005, 23.847918235000066], [90.34313840100003, 23.798669792000055], [90.33450929600008, 23.775240281000038], [90.34415995600006, 23.768590334000066], [90.32973517100004, 23.750954712000066], [90.35383403400004, 23.738512153000045], [90.36738553700008, 23.707405149000067], [90.39972308700004, 23.710766044000025], [90.41708008700004, 23.699702996000042], [90.47268829200004, 23.632455252000057], [90.44673251400008, 23.623869890000037], [90.43019340800004, 23.608605170000033], [90.39047133300005, 23.649856714000066], [90.36825592800005, 23.652653041000065], [90.34526053800005, 23.63697443700005], [90.28618321000005, 23.673856036000075], [90.26821199500006, 23.65307179200005], [90.24960533100005, 23.654479224000056], [90.24528322300006, 23.632336189000057], [90.25097412800005, 23.613151698000024], [90.26650499300007, 23.617551293000076], [90.26804605900008, 23.605876067000054], [90.29131616600006, 23.60467626800005], [90.30047127900008, 23.613007328000037], [90.32205515100009, 23.586014325000065], [90.33620695900004, 23.598387418000073], [90.34476175700007, 23.580991382000036], [90.33450092500004, 23.58004278800007], [90.32340978400003, 23.562881428000026], [90.33766654900006, 23.553030238000076], [90.36237948900003, 23.550604089000046], [90.36026510300007, 23.53020000300006], [90.37149955800004, 23.518105224000067], [90.36525817900008, 23.51930385000003], [90.36053075300003, 23.504538319000062], [90.38359412400007, 23.50059122500005], [90.39265638900008, 23.528503667000052], [90.40596653000006, 23.531095796000045], [90.40587961600005, 23.51792794800008], [90.40939612200003, 23.530765021000036], [90.41981459900006, 23.530738963000033], [90.43728144200009, 23.55621563400007], [90.45399357400004, 23.550640868000073], [90.48582612500007, 23.570732684000063], [90.51831715700007, 23.57307840200008], [90.50622648300003, 23.611261786000057], [90.52929463600003, 23.677578923000056], [90.48993043400009, 23.735987545000057], [90.48243510900005, 23.773362720000023], [90.47161984300004, 23.781801361000078], [90.48778643200006, 23.81763863900005], [90.47126942300008, 23.84730829600005], [90.46407007400006, 23.84630177300005], [90.47164969300007, 23.86607690900007], [90.45960371900009, 23.87962353200004], [90.49227158900004, 23.915530768000053], [90.49002912300006, 23.936399551000022], [90.51336464600007, 23.935314005000066], [90.51413380800005, 23.958929452000064], [90.49039186200008, 23.96135944100007], [90.51489394700008, 23.966887060000033], [90.49409483300008, 23.987302061000037], [90.50268685400005, 23.99316874400006], [90.48977911800006, 24.01439820400003], [90.49838900700007, 24.03196781200006], [90.49649032700006, 24.071103742000048], [90.50742024600004, 24.086512655000035], [90.52221630300005, 24.090624341000023], [90.51477766400006, 24.100133172000028], [90.52195622800008, 24.110359566000056], [90.51658542600006, 24.128742080000052], [90.54088181300006, 24.133972130000075], [90.55326486300004, 24.159756195000057], [90.54046312800006, 24.180229961000066], [90.54860780800004, 24.21952611000006], [90.54192860700005, 24.235479901000076], [90.52479371300007, 24.242904831000033], [90.54414230400005, 24.266160909000064], [90.57573957000005, 24.245728762000056], [90.62182741400005, 24.268558492000068], [90.64929343300008, 24.257987849000074], [90.65100118100008, 24.269192229000055], [90.64084763100004, 24.306532100000027], [90.61792401800005, 24.33885195000005], [90.64206849800007, 24.385603462000063], [90.64606806300009, 24.416197056000044], [90.63424522200006, 24.434635168000057], [90.58743876300008, 24.448073962000024], [90.57377328500007, 24.482129497000074], [90.58823601700004, 24.49690636400004], [90.60429657300006, 24.499096290000068], [90.63796296300006, 24.48102537400007], [90.63683748200003, 24.475538451000034], [90.67823000200008, 24.466995831000077], [90.68216300900008, 24.502276084000073], [90.70327104300009, 24.517736227000057], [90.70464427500008, 24.500236745000052], [90.72196985500005, 24.471100039000078], [90.73608921500005, 24.486066218000076], [90.74283807200004, 24.509668574000045], [90.75326389600008, 24.503155614000036], [90.75751977900006, 24.51273452500004], [90.79369283900007, 24.507794846000024], [90.81996583300008, 24.588018232000024], [90.83976122600006, 24.579915553000035], [90.85693897500005, 24.599483229000043], [90.90724957700007, 24.594627246000073], [90.91632423200008, 24.61372792000003], [90.92794181400006, 24.61581114300003], [90.93972086200006, 24.601775231000033], [90.96286154300003, 24.611496825000074], [90.97688398500009, 24.59954282500007], [90.98447892700005, 24.605222238000067], [91.01834639500004, 24.603117376000057], [91.03098158600005, 24.629941616000053], [91.04133471700004, 24.624359339000023], [91.03823025900004, 24.61097931200004], [91.07318540600005, 24.61895755300003], [91.10551846100003, 24.60000482600003], [91.10465897400007, 24.60799808200005], [91.12885690700006, 24.610029286000042], [91.13465824800005, 24.62063821600003], [91.12731898800007, 24.629160588000047], [91.12991454700006, 24.642112789000066], [91.16380668200009, 24.632179308000048], [91.17485064600004, 24.643079986000032], [91.19205428600009, 24.638435599000047], [91.19494870300008, 24.626451966000047], [91.17825978900004, 24.630293420000044], [91.17885034600005, 24.616564333000042], [91.20002492000003, 24.60941196500005], [91.20430858000003, 24.59418307800007], [91.19672121700006, 24.588805612000044], [91.20706454800006, 24.585929287000056], [91.20604983800007, 24.577036876000022], [91.23396119200004, 24.56896290700007], [91.21284632500004, 24.523017353000057], [91.18285840800007, 24.494944876000034], [91.16930253500004, 24.500732920000075], [91.15007198200004, 24.479093242000033], [91.16682074900007, 24.485456646000046], [91.19163918800007, 24.481745501000034], [91.19525533600006, 24.47812336100003], [91.18409898800007, 24.47118208200004], [91.19610845800008, 24.466074438000078], [91.20532080800007, 24.480937656000037], [91.21980801000007, 24.474795241000038], [91.21469595200006, 24.482208098000058], [91.22604423100006, 24.48272201800006], [91.24212198200007, 24.42725170400007], [91.22618621500004, 24.434588009000038], [91.19600980800004, 24.429298394000057], [91.15176897600008, 24.376018637000072], [91.14016025600006, 24.388053502000048], [91.12002946700005, 24.382714100000044], [91.11949233000007, 24.364122578000035], [91.09754552500004, 24.36364694300005], [91.09115566300005, 24.379772467000066], [91.07273872400003, 24.359756091000065], [91.04990791200004, 24.378920900000026], [91.02586020300004, 24.35010014900007], [91.00088216700004, 24.363116491000028], [90.98770120200004, 24.34146011100006], [91.00477144300004, 24.33837511300004], [91.01531592900005, 24.316674470000066], [91.00621769900005, 24.307525612000063], [91.01625710300004, 24.30477315400003], [91.02252768800008, 24.28689643000007], [91.03929821700007, 24.29036459200006], [91.03914913300008, 24.27249826600007], [91.05114615200006, 24.250138476000075], [91.03611125300006, 24.216192111000055], [91.04283061500007, 24.21299439200004], [90.98530876200005, 24.15217821400006], [91.04423118500006, 24.109925635000025], [91.05365295800004, 24.092889041000035], [91.05011505100003, 24.077119997000068], [90.98599152400004, 24.030601024000077], [90.96224500300008, 24.033171907000053], [90.96507514400008, 24.05052101700005], [90.95701293300004, 24.059452368000052], [90.94063164700003, 24.054517752000038], [90.92938756600006, 24.060993720000056], [90.91358631200006, 24.041234177000035], [90.91440082900004, 24.050105620000068], [90.90558018500008, 24.054394409000054], [90.87151981900007, 24.029002757000057], [90.86128849700003, 24.046827535000034], [90.862229, 24.039656212000068], [90.83243009000006, 24.05144428400007], [90.82281748000008, 24.04063227100005], [90.82513187400008, 23.997053675000075], [90.80448385200003, 23.979561024000077], [90.77631315800005, 23.97821251000005], [90.76256928000004, 23.95425893500004], [90.76527815500003, 23.93584356200006], [90.75436125900006, 23.93345385600003], [90.74128494900003, 23.91171213000007], [90.74804569600008, 23.888054604000047], [90.77272348500009, 23.884726315000023], [90.79402759600003, 23.911425661000067], [90.81236261000004, 23.91192767900003], [90.82182727100007, 23.882101048000038], [90.84129153900005, 23.87094146000004], [90.83251558000006, 23.86307611700005], [90.76821041600004, 23.864818763000073], [90.76048509500004, 23.855696416000058], [90.76665659400004, 23.80464284800007], [90.72308404700004, 23.745273289000068], [90.72486515300005, 23.718370486000026], [90.74098647800008, 23.69779894100003], [90.73021916400006, 23.664495186000067], [90.70795255600007, 23.662543096000036], [90.67561648600008, 23.68013279200005], [90.63787067700008, 23.66917230100006], [90.62995024400004, 23.620819235000056], [90.65305367500008, 23.62040421200004], [90.66617076200004, 23.596325655000044], [90.66655355400007, 23.58891742700007], [90.64672929600005, 23.588619600000072], [90.64721420900008, 23.575709635000067], [90.66937067900005, 23.571057793000023], [90.68762381100004, 23.55664930100005], [90.71064085400008, 23.507770683000047], [90.68210923200007, 23.48950579800004], [90.64131842800003, 23.503704862000063], [90.61302998800005, 23.490430751000076], [90.60141185000003, 23.498070752000046], [90.57695130100007, 23.496028159000048], [90.58428423200007, 23.480163232000052], [90.57762351500008, 23.45149069300004], [90.54187146700008, 23.399171370000033], [90.53868894100003, 23.37934916200004], [90.54681308400006, 23.367417422000074], [90.57606171800006, 23.35800362200007], [90.59067372200008, 23.335945844000037], [90.53479234700006, 23.33916696600005], [90.50583758700003, 23.33355606200007], [90.52777143800006, 23.334293837000075], [90.52482619800008, 23.325819597000077], [90.48996469100007, 23.32456569200008], [90.50428280000006, 23.315714306000075], [90.50210660100004, 23.301869296000064], [90.52630416400007, 23.293610079000075], [90.54145681300008, 23.27854975100007], [90.54564154700006, 23.283458197000073], [90.59810231000006, 23.232471690000068], [90.60776348400003, 23.213533254000026], [90.57171864400004, 23.152424670000073], [90.51337530000006, 23.102811237000026], [90.49851037500008, 23.06904484200004], [90.48260458300007, 23.065629976000025], [90.48739487900008, 23.05020910500008], [90.49781582600008, 23.048755603000075], [90.49637387500007, 23.039338470000075], [90.46237106400008, 23.019078231000037], [90.46003018700009, 23.029171286000064], [90.45736265900007, 23.015412275000074], [90.40789379100005, 23.007083773000033], [90.42164464500007, 23.03991833500004], [90.38343285700006, 23.056262575000062], [90.32344105200008, 23.05613415600004], [90.31575086600003, 23.052879059000077], [90.31446736400005, 23.035338232000072], [90.32944803300006, 23.00735108600003], [90.31987995900005, 22.981461128000035], [90.25661011000005, 22.964319400000022], [90.25880315800003, 22.972933225000077], [90.23937345700006, 22.966263715000025], [90.23005153200006, 22.979068389000076], [90.23836489700005, 23.03671611200008], [90.22060348800005, 23.065180206000036], [90.21376615300005, 23.06989995600003], [90.20116755500004, 23.05378790000003], [90.16497433300003, 23.067623285000025], [90.15503667200005, 23.052650836000055], [90.13690366700007, 23.052925593000055], [90.14309401600008, 23.04531451400004], [90.12696711800004, 23.02588430900005], [90.12667042000004, 23.005699780000043], [90.09477670900009, 23.006841103000056], [90.08378959700008, 22.981069009000066], [90.07748507400004, 22.982765440000037], [90.06881604500006, 22.96790474000005], [90.05824483100008, 22.97128470100006], [90.05701262700006, 22.932200821000038], [90.03480591200008, 22.933841760000064], [90.01837247000003, 22.87104325300004], [89.95536442700006, 22.85348109800003]], [[90.28138471800008, 23.44650635800008], [90.27119578300005, 23.426899744000025], [90.24523199500004, 23.42762014400006], [90.22054752800005, 23.411381191000032], [90.22402655900004, 23.396707761000073], [90.26445689600007, 23.379252662000056], [90.24536002900004, 23.377589526000065], [90.23270308800005, 23.36202177800004], [90.24837520600005, 23.349388110000064], [90.22790126500007, 23.332691676000024], [90.24401662200006, 23.316839165000033], [90.22782386600005, 23.26283011000004], [90.24189743100004, 23.247252804000027], [90.24176807000003, 23.23106947200006], [90.25030920200004, 23.234984979000046], [90.24719003800004, 23.216533947000073], [90.26593628700005, 23.209749342000066], [90.27363971300008, 23.195867316000033], [90.28377365800009, 23.197198141000058], [90.29211621000007, 23.145802341000035], [90.30799349900008, 23.144745714000067], [90.30921947000007, 23.13225594200003], [90.33909081500008, 23.133582841000077], [90.34455715000007, 23.14036004600007], [90.36117494400008, 23.133327735000023], [90.37438302600003, 23.155563828000027], [90.36733687900005, 23.16040358200007], [90.37730215000005, 23.165815761000033], [90.37585720000004, 23.174914511000054], [90.39860882100004, 23.178414246000045], [90.38201137700008, 23.19084325500006], [90.39317594800008, 23.219010452000077], [90.37948781100005, 23.218298847000028], [90.36616445000004, 23.244452555000066], [90.34980335000006, 23.240948283000023], [90.34804724100007, 23.256870237000044], [90.31275811200004, 23.299305252000067], [90.34262850800008, 23.318897641000035], [90.37729151400004, 23.310231574000056], [90.39314058500008, 23.330021214000055], [90.41514224000008, 23.32101446300004], [90.44025661000006, 23.353207111000074], [90.40858644400004, 23.363557229000037], [90.41646829200005, 23.402141452000023], [90.40358561400006, 23.40014566600007], [90.35994072100004, 23.43010042700007], [90.31798639700008, 23.43954791300007], [90.30243300500007, 23.451460501000042], [90.28138471800008, 23.44650635800008]], [[89.79022881500003, 23.311810429000047], [89.82657812900004, 23.347802140000056], [89.84040506900004, 23.331445463000023], [89.85027970000004, 23.340674070000034], [89.86277884500004, 23.338899222000066], [89.87077227200007, 23.321311180000066], [89.88369394600005, 23.335635996000065], [89.87318541000008, 23.355193559000043], [89.83897934500004, 23.36211815300004], [89.85342370800004, 23.394543561000035], [89.84479501000004, 23.404764587000045], [89.85803682900007, 23.39887747000006], [89.86326379000008, 23.407380528000033], [89.86124345200005, 23.419822874000033], [89.84667164100006, 23.424222445000055], [89.84926637400008, 23.466747201000032], [89.82756955400004, 23.46989303400005], [89.84900645500005, 23.492130669000062], [89.84496523400009, 23.50003503100004], [89.82575332900007, 23.497448251000037], [89.81171549700008, 23.50911316500003], [89.78579706300008, 23.48727593700005], [89.75946245300008, 23.507277566000027], [89.74616476000006, 23.490951537000058], [89.73427525800008, 23.493555210000068], [89.73095142100004, 23.479403429000058], [89.72090903800006, 23.47469262000004], [89.73106911100007, 23.477203556000063], [89.73523642400005, 23.449617928000066], [89.72856698900006, 23.445975795000038], [89.73974775200008, 23.43805543900004], [89.72541965800008, 23.426449520000062], [89.75867427100007, 23.395626280000045], [89.75731879600005, 23.38103416000007], [89.77897194700006, 23.375599007000062], [89.77357101900003, 23.36648935900007], [89.79009211400006, 23.336771550000037], [89.79022881500003, 23.311810429000047]], [[90.63711473000006, 24.07393304200008], [90.67014081600007, 24.072402155000077], [90.68931415400004, 24.082521807000035], [90.72629971800006, 24.063593868000055], [90.72379633300005, 24.085705954000048], [90.74520946700005, 24.08047024800004], [90.73519093800007, 24.085261539000044], [90.73728219600008, 24.098391540000023], [90.72997140100006, 24.105995232000055], [90.76258647200007, 24.07981954400003], [90.77971232700008, 24.09785586000004], [90.79207785400007, 24.099579427000037], [90.79342858400008, 24.108919060000062], [90.77800748500005, 24.11500836500005], [90.77538653800008, 24.144831227000054], [90.76577221200006, 24.15005546200007], [90.77820672900003, 24.163377422000053], [90.78377991600007, 24.158405216000062], [90.78320344700006, 24.167380510000044], [90.80340620500004, 24.16744760200004], [90.79778213600008, 24.168821697000055], [90.80748711400008, 24.182991938000043], [90.78614903100004, 24.193052864000038], [90.79340070700005, 24.219317388000036], [90.77059842100005, 24.250524985000027], [90.75178655100007, 24.251571933000037], [90.72223527500006, 24.235280975000023], [90.68295030000007, 24.24434832000003], [90.67168941300008, 24.204843064000045], [90.68633736200007, 24.189527200000043], [90.68499631000003, 24.15005780200005], [90.69530001100009, 24.139958311000044], [90.67630250600007, 24.115529683000034], [90.69552863800004, 24.116488230000073], [90.702961, 24.106560468000055], [90.65662911300006, 24.092303755000046], [90.64054782300008, 24.10695222700008], [90.63711473000006, 24.07393304200008]]], [[[90.45665477600005, 23.006061454000076], [90.45317061500003, 23.004085261000057], [90.45173571100008, 23.006324543000062], [90.45665477600005, 23.006061454000076]]], [[[90.45913023800006, 23.01379358400004], [90.45746625100008, 23.010500114000024], [90.45251361300006, 23.011900395000055], [90.45913023800006, 23.01379358400004]]], [[[90.48474807300005, 23.013632534000067], [90.47571411400008, 23.007582789000026], [90.48980835900005, 23.022529978000023], [90.48474807300005, 23.013632534000067]]], [[[90.53536319000006, 23.075390346000063], [90.53577861600007, 23.07104793800005], [90.53240223600005, 23.071282920000044], [90.53536319000006, 23.075390346000063]]], [[[90.52242425300005, 23.07212243500004], [90.52764182400006, 23.082586396000067], [90.53029636800005, 23.074355634000028], [90.52242425300005, 23.07212243500004]]], [[[90.52234564200006, 23.082892494000077], [90.51979056700009, 23.076686665000068], [90.51561990800008, 23.08038078800007], [90.51444395400006, 23.083730848000073], [90.51497046200006, 23.086262373000068], [90.54321451800007, 23.094676406000076], [90.55344041700005, 23.10601753900005], [90.54132320800005, 23.086891256000058], [90.54315653200007, 23.09300378200004], [90.52234564200006, 23.082892494000077]]], [[[90.49974508200006, 23.323033648000035], [90.50873815700004, 23.323183676000042], [90.51408830600008, 23.317908500000044], [90.49974508200006, 23.323033648000035]]], [[[90.51668766300008, 23.320946863000074], [90.51404028300004, 23.32227042200003], [90.52277355600006, 23.322121846000073], [90.51668766300008, 23.320946863000074]]], [[[90.55897105700006, 23.328079408000065], [90.54116367000006, 23.32121145600007], [90.52931350700004, 23.328325806000066], [90.53303832100005, 23.334431821000067], [90.57247827900005, 23.333575667000048], [90.55197941100005, 23.32710042100007], [90.55897105700006, 23.328079408000065]]], [[[90.56165168300004, 23.32558465900007], [90.56642539400008, 23.328292008000062], [90.56526950100005, 23.324281082000027], [90.56165168300004, 23.32558465900007]]], [[[90.58371857800006, 23.329471111000032], [90.57810704000008, 23.324521038000057], [90.56770332800005, 23.324606498000037], [90.57144562900004, 23.32827377800004], [90.58371857800006, 23.329471111000032]]]]}}, {"type": "Feature", "properties": {"division": "Mymensingh"}, "geometry": {"type": "Polygon", "coordinates": [[[90.49224932200008, 24.313523229000054], [90.45743586500004, 24.33920728000004], [90.44208945000008, 24.341015094000056], [90.42643080700003, 24.330487064000067], [90.42811660600006, 24.310199685000043], [90.40242478600004, 24.282688321000023], [90.37937771700007, 24.29053026100007], [90.36249855400007, 24.28100498300006], [90.35928419800007, 24.30013709800005], [90.34764827000004, 24.293816440000057], [90.32535751300009, 24.299189554000066], [90.29049776800008, 24.27777491200004], [90.26119784600007, 24.291593916000068], [90.24789516800007, 24.33330422800003], [90.23345023300004, 24.335198435000052], [90.22880074400007, 24.347810675000062], [90.24901177300006, 24.415266544000076], [90.22925118300003, 24.419933338000078], [90.20961273200004, 24.458345833000067], [90.24354355900005, 24.481354732000057], [90.20708394100006, 24.49733093800006], [90.20885711900007, 24.50868927700003], [90.18667919400008, 24.522921272000076], [90.17438534900003, 24.517802580000023], [90.16934532100004, 24.537660578000043], [90.16125539900008, 24.536689506000073], [90.15241087500004, 24.549985454000023], [90.14602161200008, 24.567563472000074], [90.15080936900006, 24.574727074000066], [90.13972782700006, 24.575701325000068], [90.12455055100008, 24.596684436000032], [90.13041350100008, 24.61762662900003], [90.14801905400003, 24.633781415000044], [90.12660015800003, 24.717872774000057], [90.13273898900007, 24.734434590000035], [90.09037812300005, 24.73719304900004], [90.08849565400004, 24.751808780000033], [90.09803112400004, 24.75631179800007], [90.07577902900005, 24.787873767000065], [90.04879041400005, 24.773960792000025], [90.02424209100008, 24.772306121000042], [90.02044850300007, 24.754747853000026], [89.98180737800004, 24.725041915000077], [89.95778976300005, 24.731111887000054], [89.95796302200006, 24.744275318000064], [89.94129267900007, 24.743520104000027], [89.93576731500008, 24.757187522000038], [89.92155532200007, 24.756468400000074], [89.92746518700005, 24.74426761500007], [89.91709502900005, 24.746187070000076], [89.90742631500007, 24.734482267000033], [89.90179184000004, 24.742004721000058], [89.90274352200004, 24.73467404400003], [89.88024437900003, 24.741439830000047], [89.87999342900008, 24.708265293000068], [89.89940953800004, 24.681494885000063], [89.89123507700003, 24.674263953000036], [89.87806152200005, 24.679043940000042], [89.86544657400003, 24.661475840000037], [89.86881272200009, 24.64900735200007], [89.84334707200009, 24.645290189000036], [89.84254997100004, 24.631556275000037], [89.85323324100005, 24.619808504000048], [89.84183693800009, 24.623770860000036], [89.83681772200003, 24.608430963000046], [89.82706030700007, 24.608595619000027], [89.83521917800005, 24.603030572000023], [89.82307265600008, 24.59520161100005], [89.82814161800007, 24.58674992400006], [89.81000178100004, 24.583611654000038], [89.81805482700008, 24.57570310500006], [89.81137883500008, 24.566602845000034], [89.79281857300003, 24.567430830000035], [89.78326919000006, 24.579271423000023], [89.76502849500008, 24.613836238000033], [89.76552056200006, 24.62312993300003], [89.78502642500007, 24.62580588800006], [89.78327505300007, 24.669170613000063], [89.79916383000005, 24.67998028200003], [89.79013690200009, 24.686417001000052], [89.79248603600007, 24.703255538000064], [89.78331441800003, 24.703934048000065], [89.77240825200005, 24.723993720000067], [89.78337183300005, 24.72395971900005], [89.79047061000006, 24.738237238000067], [89.77714453700008, 24.743082577000052], [89.78237132300006, 24.759633002000044], [89.77166474000006, 24.772919192000074], [89.75800173300007, 24.767177480000043], [89.74136161100006, 24.77456613100003], [89.73488443500008, 24.761097480000046], [89.73285943000008, 24.770136556000068], [89.71533559800008, 24.77734630300006], [89.73031622900004, 24.798383788000024], [89.69951782500004, 24.81456342900003], [89.68109078100008, 24.83510136800004], [89.66079207600006, 24.88807225900007], [89.68605979600005, 24.90284840700008], [89.67235785100007, 24.92849569300006], [89.67650626300008, 24.96577286200005], [89.66133919300006, 24.987353364000057], [89.64948738300006, 25.037638411000046], [89.64783476100007, 25.046738883000046], [89.65591422800009, 25.049989221000033], [89.65306719200004, 25.07801193800003], [89.63856297000007, 25.090077102000066], [89.64981805400004, 25.10613061600003], [89.65176349100005, 25.143788991000065], [89.70121427900006, 25.23215271600003], [89.74888540200004, 25.23641930100007], [89.74865504800005, 25.26950550500004], [89.75633312200006, 25.280859340000063], [89.72189012700005, 25.356578497000044], [89.74869243300003, 25.37909552700006], [89.78027194400005, 25.387958860000026], [89.78407220200006, 25.41299345300007], [89.77157595300008, 25.415256491000036], [89.76692355200004, 25.43273976300003], [89.82562005100004, 25.415218647000074], [89.82097103400008, 25.35977680700006], [89.84154970800006, 25.308264548000068], [89.83097279800006, 25.291138027000045], [89.80858731500007, 25.30469972800006], [89.79869489000004, 25.29537132300004], [89.79238264100007, 25.266715800000043], [89.81801089000004, 25.248065978000056], [89.82102070900004, 25.23569683900007], [89.80135671900007, 25.245098212000073], [89.78104572600006, 25.22526431400007], [89.80452960100007, 25.180990033000057], [89.80225573900003, 25.17613289700006], [89.78730056900008, 25.18250209000007], [89.77610277600007, 25.15332700400006], [89.78526541500008, 25.14229460000007], [89.82064163500007, 25.140947495000034], [89.82983902300003, 25.131268109000075], [89.82929969200006, 25.140343617000042], [89.83968041900005, 25.14339074700007], [89.83556141400004, 25.151067065000063], [89.84678064000008, 25.150445235000063], [89.87143306900003, 25.10550167300005], [89.89515514600004, 25.106895878000046], [89.89334567100008, 25.132212456000047], [89.89968044800008, 25.13463775100007], [89.90192378000006, 25.164510326000027], [89.91047581800007, 25.171559324000043], [89.88468928100008, 25.18705662800005], [89.90259350900004, 25.259316005000073], [89.91627966200008, 25.266294513000048], [89.93129014700008, 25.260688467000023], [89.93169833200005, 25.28604383100003], [89.96658936100005, 25.303816033000032], [89.97688371500004, 25.297077683000055], [89.98070445800005, 25.28097665200005], [90.00410766500005, 25.28064855200006], [90.03545814500006, 25.261775804000024], [90.05505218300004, 25.26118966000007], [90.11226631400007, 25.225474890000044], [90.17142418100008, 25.223170306000043], [90.22547680600007, 25.200568101000044], [90.23392749600004, 25.205016348000072], [90.31035707500007, 25.188875542000062], [90.33017654700006, 25.193889969000054], [90.37053634100005, 25.162933500000065], [90.40440638800004, 25.160046368000053], [90.44098050800005, 25.144625759000064], [90.49899365000005, 25.17227896000003], [90.50982923600009, 25.169521942000074], [90.50901351200008, 25.17544035000003], [90.64183780700006, 25.174925932000065], [90.64028331600008, 25.183705950000046], [90.65109020200003, 25.18208997000005], [90.64736234600008, 25.19437699100007], [90.65797559300006, 25.185347942000078], [90.66340097100004, 25.19799771600003], [90.66594035200006, 25.16595707700003], [90.67433746800003, 25.176487473000066], [90.68609311600005, 25.17436843100006], [90.68208042200007, 25.164376336000032], [90.69801452000007, 25.15695388000006], [90.70992375300006, 25.168211197000062], [90.73319387900005, 25.15501402900003], [90.74188380600003, 25.16136516000006], [90.73416640200008, 25.16694541000004], [90.75915548100005, 25.167964320000067], [90.78028162200008, 25.186223735000056], [90.80539919200004, 25.17372363100003], [90.80583505100003, 25.166053814000065], [90.84194999100004, 25.16440943300006], [90.84977294800007, 25.157735573000025], [90.96484836000008, 25.17187864600004], [90.97026229400007, 25.160580280000033], [90.95222649100003, 25.14921719700004], [90.95589987900007, 25.119526534000045], [90.94742263700005, 25.113832652000042], [90.97108766900004, 25.095418781000035], [90.97466440600004, 25.074280415000032], [90.95656635600005, 25.070438945000035], [90.94417586900005, 25.081563996000057], [90.92779547700007, 25.07822337500005], [90.93573783700003, 25.065766446000055], [90.92878712500004, 25.06312018400007], [90.93286427100008, 25.04486070300004], [90.96502914700005, 25.035700588000054], [90.93787852800006, 25.028199201000064], [90.93407083400007, 25.017738931000054], [90.94742654700008, 25.00475456600003], [90.94365821000008, 24.97592475400006], [90.96003565500007, 24.972781312000052], [90.97317249500009, 24.95842353000006], [90.96338692700004, 24.94187404200005], [90.94913873600007, 24.93967626500006], [90.95525789700008, 24.939544039000054], [90.95341560000008, 24.918929751000064], [90.96464830800005, 24.911388206000026], [90.97064717800004, 24.917023778000043], [90.99286753400008, 24.914100639000026], [90.99805530300006, 24.89213513900006], [91.01560041000005, 24.898552491000032], [91.01651023700003, 24.885728246000042], [91.02931047400006, 24.88302171500004], [91.04513529600007, 24.908135111000036], [91.05384077300005, 24.900581541000065], [91.07842042100003, 24.90002830900005], [91.08880545600005, 24.887581457000067], [91.09844576500006, 24.889586636000047], [91.11381036500006, 24.847542650000037], [91.13041208200008, 24.840565173000073], [91.12071595700007, 24.83761758600008], [91.11248704800005, 24.817060713000046], [91.13041131000006, 24.792843744000038], [91.14455762600005, 24.794589682000037], [91.15272993200006, 24.809241685000075], [91.14493108400006, 24.829317600000024], [91.15382283000008, 24.837908610000056], [91.16518108300005, 24.83261122500005], [91.17214863800007, 24.80962130200004], [91.16049895500004, 24.79193111400008], [91.16796680300007, 24.791931717000068], [91.17120756600008, 24.77993630900005], [91.15851365500004, 24.764817437000033], [91.13530956200003, 24.75741192600003], [91.15933704100007, 24.74810679600006], [91.15553930000004, 24.740962141000068], [91.14726217900005, 24.746724966000045], [91.15177275500008, 24.730043598000066], [91.14132690600007, 24.72420917900007], [91.15874805700008, 24.724900723000076], [91.16305368900004, 24.71672151000007], [91.16892506800008, 24.724956064000025], [91.18026794000008, 24.72408045800006], [91.20684386900007, 24.708984920000034], [91.22527540400006, 24.727513266000074], [91.22658525200006, 24.706631618000074], [91.21972071600004, 24.70238752100005], [91.24087651700006, 24.692093535000026], [91.24195282500006, 24.679958268000064], [91.23344949400007, 24.672270302000072], [91.22381697100008, 24.675215061000074], [91.22252540000005, 24.669382469000027], [91.23274113600007, 24.666434710000033], [91.22999394200008, 24.65471400800004], [91.20987672600006, 24.65246342100005], [91.20473913300003, 24.63178470500003], [91.17485064600004, 24.643079986000032], [91.16380668200009, 24.632179308000048], [91.12991454700006, 24.642112789000066], [91.12731898800007, 24.629160588000047], [91.13465824800005, 24.62063821600003], [91.12885690700006, 24.610029286000042], [91.10465897400007, 24.60799808200005], [91.10551846100003, 24.60000482600003], [91.07318540600005, 24.61895755300003], [91.03823025900004, 24.61097931200004], [91.04133471700004, 24.624359339000023], [91.03098158600005, 24.629941616000053], [91.01834639500004, 24.603117376000057], [90.98447892700005, 24.605222238000067], [90.97688398500009, 24.59954282500007], [90.96286154300003, 24.611496825000074], [90.93972086200006, 24.601775231000033], [90.92794181400006, 24.61581114300003], [90.91632423200008, 24.61372792000003], [90.90724957700007, 24.594627246000073], [90.85693897500005, 24.599483229000043], [90.83976122600006, 24.579915553000035], [90.81996583300008, 24.588018232000024], [90.79369283900007, 24.507794846000024], [90.75751977900006, 24.51273452500004], [90.75326389600008, 24.503155614000036], [90.74283807200004, 24.509668574000045], [90.73608921500005, 24.486066218000076], [90.72196985500005, 24.471100039000078], [90.70464427500008, 24.500236745000052], [90.70327104300009, 24.517736227000057], [90.68216300900008, 24.502276084000073], [90.67823000200008, 24.466995831000077], [90.63683748200003, 24.475538451000034], [90.63796296300006, 24.48102537400007], [90.60429657300006, 24.499096290000068], [90.58823601700004, 24.49690636400004], [90.57377328500007, 24.482129497000074], [90.57888857000006, 24.45858067200004], [90.59712393100006, 24.44294338800006], [90.63424522200006, 24.434635168000057], [90.64606806300009, 24.416197056000044], [90.64206849800007, 24.385603462000063], [90.61792401800005, 24.33885195000005], [90.64084763100004, 24.306532100000027], [90.64929343300008, 24.257987849000074], [90.62182741400005, 24.268558492000068], [90.57573957000005, 24.245728762000056], [90.52093389600003, 24.287976608000065], [90.52921777000006, 24.303139964000025], [90.49224932200008, 24.313523229000054]], [[90.67754961900005, 24.800655145000064], [90.70813724600004, 24.801500714000042], [90.70555743800008, 24.786627047000025], [90.72294834300004, 24.77799175100006], [90.71742981400007, 24.76806220700007], [90.73016013600005, 24.771142334000047], [90.74544365600008, 24.757963135000068], [90.77437725900006, 24.76407706400005], [90.77929423900008, 24.772520291000035], [90.76277257000004, 24.778851357000065], [90.76733751600005, 24.792409371000076], [90.78534761100008, 24.785384763000025], [90.79768330400003, 24.797875803000068], [90.77922548900005, 24.813866793000045], [90.77977177800005, 24.825464057000033], [90.79478354900004, 24.825828656000056], [90.79551586100007, 24.83706528600004], [90.80775458400007, 24.84003681200005], [90.82014421700006, 24.87190428100007], [90.80290847900005, 24.87588456000003], [90.82612863200006, 24.907965256000068], [90.82505698300008, 24.92074618500004], [90.84030312300007, 24.920289092000075], [90.83174768400005, 24.925274], [90.82471989700008, 24.94849693900005], [90.81560920900006, 24.939876552000044], [90.80357340000006, 24.942927136000037], [90.80157399700005, 24.96340869200003], [90.79431508400006, 24.95597698200004], [90.78291526800007, 24.96388837300003], [90.77424309000008, 24.960273468000025], [90.78227247600006, 24.970823911000025], [90.76908747600004, 24.97370904400003], [90.76203581200008, 25.001104827000063], [90.77141767400008, 25.010838896000053], [90.75144968900008, 25.028627640000025], [90.73046121500005, 25.020280136000054], [90.72152451200003, 25.027159994000044], [90.70595740600004, 25.018118822000076], [90.70599341300004, 25.010874899000044], [90.72662756800008, 25.00702946900003], [90.72498902700005, 24.997058550000077], [90.70283829600004, 24.994886842000028], [90.71581653700008, 24.980537799000047], [90.72464432400005, 24.98432185000007], [90.72867327400007, 24.969089931000042], [90.68639319500005, 24.962567986000067], [90.67904259000005, 24.954666995000025], [90.68270753600007, 24.93148958100005], [90.65651271600007, 24.92109363000003], [90.64876250000003, 24.902211213000044], [90.64495901100008, 24.88255609500004], [90.66114956400008, 24.83662500500003], [90.64665119100005, 24.810883468000043], [90.66114451600004, 24.81260599500007], [90.67754961900005, 24.800655145000064]]]}}]}